conflict_id,country,location,side_a,side_b,year,region_label,intensity_level,intensity_label,conflict_type_label,lat,lon
200,Bolivia,Bolivia,Government of Bolivia,Popular Revolutionary Movement,1946,Americas,2,War,Intrastate,-14,-60
201,Cambodia (Kampuchea),Cambodia (Kampuchea),Government of France,Khmer Issarak,1946,Asia,1,Minor Conflict,Extrasystemic,34,90
202,China,China,Government of China,PLA,1946,Asia,2,War,Intrastate,34,90
203,Greece,Greece,Government of Greece,DSE,1946,Europe,2,War,Intrastate,54,25
204,Indonesia,Indonesia,Government of Netherlands,Indonesian People's Army,1946,Asia,1,Minor Conflict,Extrasystemic,34,90
205,Iran,Iran,Government of Iran,KDPI,1946,Middle East,1,Minor Conflict,Internationalized Intrastate,29,42
206,Iran,Iran,Government of Iran,Republic of Azerbaijan,1946,Middle East,1,Minor Conflict,Internationalized Intrastate,29,42
207,Israel,Israel,Government of United Kingdom,IZL [Etzel],1946,Middle East,1,Minor Conflict,Extrasystemic,29,42
208,Laos,Laos,Government of France,Lao Issara,1946,Asia,1,Minor Conflict,Extrasystemic,34,90
209,Philippines,Philippines,Government of Philippines,Huk,1946,Asia,2,War,Intrastate,34,90
210,Russia,Russia (Soviet Union),Government of Russia (Soviet Union),Forest Brothers,1946,Europe,1,Minor Conflict,Intrastate,54,25
211,Russia,Russia (Soviet Union),Government of Russia (Soviet Union),"LNPA, LTS(p)A",1946,Europe,1,Minor Conflict,Intrastate,54,25
212,Russia,Russia (Soviet Union),Government of Russia (Soviet Union),BDPS,1946,Europe,2,War,Intrastate,54,25
213,Russia,Russia (Soviet Union),Government of Russia (Soviet Union),UPA,1946,Europe,2,War,Intrastate,54,25
215,Albania,"Albania, United Kingdom",Government of Albania,Government of United Kingdom,1946,Europe,1,Minor Conflict,Interstate,54,25
216,Vietnam (North Vietnam),Vietnam (North Vietnam),Government of France,Viet minh,1946,Asia,2,War,Extrasystemic,34,90
11884,Hyderabad,Hyderabad,Government of Hyderabad,CPI,1947,Asia,2,War,Intrastate,34,90
201,Cambodia (Kampuchea),Cambodia (Kampuchea),Government of France,Khmer Issarak,1947,Asia,1,Minor Conflict,Extrasystemic,34,90
202,China,China,Government of China,PLA,1947,Asia,2,War,Intrastate,34,90
203,Greece,Greece,Government of Greece,DSE,1947,Europe,2,War,Intrastate,54,25
204,Indonesia,Indonesia,Government of Netherlands,Indonesian People's Army,1947,Asia,1,Minor Conflict,Extrasystemic,34,90
208,Laos,Laos,Government of France,Lao Issara,1947,Asia,1,Minor Conflict,Extrasystemic,34,90
209,Philippines,Philippines,Government of Philippines,Huk,1947,Asia,2,War,Intrastate,34,90
210,Russia,Russia (Soviet Union),Government of Russia (Soviet Union),Forest Brothers,1947,Europe,1,Minor Conflict,Intrastate,54,25
212,Russia,Russia (Soviet Union),Government of Russia (Soviet Union),BDPS,1947,Europe,2,War,Intrastate,54,25
213,Russia,Russia (Soviet Union),Government of Russia (Soviet Union),UPA,1947,Europe,2,War,Intrastate,54,25
216,Vietnam (North Vietnam),Vietnam (North Vietnam),Government of France,Viet minh,1947,Asia,2,War,Extrasystemic,34,90
217,China,China,Government of China,Taiwanese insurgents,1947,Asia,2,War,Intrastate,34,90
219,Madagascar (Malagasy),Madagascar (Malagasy),Government of France,MDRM,1947,Africa,2,War,Extrasystemic,-2,22
220,Paraguay,Paraguay,Government of Paraguay,"Opposition coalition (Febreristas, Liberals and Communists)",1947,Americas,2,War,Intrastate,-14,-60
11884,Hyderabad,Hyderabad,Government of Hyderabad,CPI,1948,Asia,2,War,Intrastate,34,90
201,Cambodia (Kampuchea),Cambodia (Kampuchea),Government of France,Khmer Issarak,1948,Asia,1,Minor Conflict,Extrasystemic,34,90
202,China,China,Government of China,PLA,1948,Asia,2,War,Intrastate,34,90
203,Greece,Greece,Government of Greece,DSE,1948,Europe,2,War,Intrastate,54,25
204,Indonesia,Indonesia,Government of Netherlands,Indonesian People's Army,1948,Asia,1,Minor Conflict,Extrasystemic,34,90
208,Laos,Laos,Government of France,Lao Issara,1948,Asia,1,Minor Conflict,Extrasystemic,34,90
209,Philippines,Philippines,Government of Philippines,Huk,1948,Asia,2,War,Intrastate,34,90
210,Russia,Russia (Soviet Union),Government of Russia (Soviet Union),Forest Brothers,1948,Europe,1,Minor Conflict,Intrastate,54,25
212,Russia,Russia (Soviet Union),Government of Russia (Soviet Union),BDPS,1948,Europe,1,Minor Conflict,Intrastate,54,25
213,Russia,Russia (Soviet Union),Government of Russia (Soviet Union),UPA,1948,Europe,2,War,Intrastate,54,25
216,Vietnam (North Vietnam),Vietnam (North Vietnam),Government of France,Viet minh,1948,Asia,2,War,Extrasystemic,34,90
218,India,"India, Pakistan",Government of India,Government of Pakistan,1948,Asia,2,War,Interstate,34,90
222,Myanmar,Myanmar (Burma),Government of Myanmar (Burma),"CPB, CPB-RF, PVO - ""White Band"" faction",1948,Asia,2,War,Intrastate,34,90
223,Myanmar,Myanmar (Burma),Government of Myanmar (Burma),"APLP, Mujahid Party",1948,Asia,1,Minor Conflict,Intrastate,34,90
225,Costa Rica,Costa Rica,Government of Costa Rica,National Liberation Army,1948,Americas,2,War,Intrastate,-14,-60
226,Hyderabad,"Hyderabad, India",Government of Hyderabad,Government of India,1948,Asia,2,War,Interstate,34,90
227,India,India,Government of India,CPI,1948,Asia,2,War,Intrastate,34,90
228,Egypt,"Egypt, Iraq, Israel, Jordan, Lebanon, Syria","Government of Egypt, Government of Iraq, Government of Jordan, Government of Lebanon, Government of Syria",Government of Israel,1948,Middle East,2,War,Interstate,29,42
229,Malaysia,Malaysia,Government of United Kingdom,CPM,1948,Asia,1,Minor Conflict,Extrasystemic,34,90
230,Yemen (North Yemen),Yemen (North Yemen),Government of Yemen (North Yemen),Opposition coalition,1948,Middle East,2,War,Intrastate,29,42
200,Bolivia,Bolivia,Government of Bolivia,MNR,1949,Americas,1,Minor Conflict,Intrastate,-14,-60
201,Cambodia (Kampuchea),Cambodia (Kampuchea),Government of France,Khmer Issarak,1949,Asia,1,Minor Conflict,Extrasystemic,34,90
202,China,China,Government of China,PLA,1949,Asia,2,War,Intrastate,34,90
203,Greece,Greece,Government of Greece,DSE,1949,Europe,2,War,Intrastate,54,25
204,Indonesia,Indonesia,Government of Netherlands,Indonesian People's Army,1949,Asia,1,Minor Conflict,Extrasystemic,34,90
208,Laos,Laos,Government of France,Lao Issara,1949,Asia,1,Minor Conflict,Extrasystemic,34,90
209,Philippines,Philippines,Government of Philippines,Huk,1949,Asia,2,War,Intrastate,34,90
213,Russia,Russia (Soviet Union),Government of Russia (Soviet Union),UPA,1949,Europe,1,Minor Conflict,Intrastate,54,25
216,Vietnam (North Vietnam),Vietnam (North Vietnam),Government of France,Viet minh,1949,Asia,2,War,Extrasystemic,34,90
221,Myanmar,Myanmar (Burma),Government of Myanmar (Burma),KNUP,1949,Asia,2,War,Intrastate,34,90
222,Myanmar,Myanmar (Burma),Government of Myanmar (Burma),"CPB, CPB-RF, PVO - ""White Band"" faction",1949,Asia,2,War,Intrastate,34,90
223,Myanmar,Myanmar (Burma),Government of Myanmar (Burma),"APLP, Mujahid Party",1949,Asia,1,Minor Conflict,Intrastate,34,90
224,Myanmar,Myanmar (Burma),Government of Myanmar (Burma),MFL-MUF,1949,Asia,1,Minor Conflict,Intrastate,34,90
227,India,India,Government of India,CPI,1949,Asia,2,War,Intrastate,34,90
228,Egypt,"Egypt, Iraq, Israel, Jordan, Lebanon, Syria","Government of Egypt, Government of Iraq, Government of Jordan, Government of Lebanon, Government of Syria",Government of Israel,1949,Middle East,1,Minor Conflict,Interstate,29,42
229,Malaysia,Malaysia,Government of United Kingdom,CPM,1949,Asia,1,Minor Conflict,Extrasystemic,34,90
231,Myanmar,Myanmar (Burma),Government of Myanmar (Burma),PNDF,1949,Asia,1,Minor Conflict,Intrastate,34,90
232,China,"China, Taiwan",Government of China,Government of Taiwan,1949,Asia,2,War,Interstate,34,90
233,Guatemala,Guatemala,Government of Guatemala,Military faction (Guatemala),1949,Americas,1,Minor Conflict,Intrastate,-14,-60
234,Israel,Israel,Government of Israel,Palestinian insurgents,1949,Middle East,1,Minor Conflict,Intrastate,29,42
235,North Korea,"North Korea, South Korea",Government of North Korea,Government of South Korea,1949,Asia,1,Minor Conflict,Interstate,34,90
201,Cambodia (Kampuchea),Cambodia (Kampuchea),Government of France,Khmer Issarak,1950,Asia,1,Minor Conflict,Extrasystemic,34,90
208,Laos,Laos,Government of France,Lao Issara,1950,Asia,1,Minor Conflict,Extrasystemic,34,90
209,Philippines,Philippines,Government of Philippines,Huk,1950,Asia,2,War,Intrastate,34,90
213,Russia,Russia (Soviet Union),Government of Russia (Soviet Union),UPA,1950,Europe,1,Minor Conflict,Intrastate,54,25
216,Vietnam (North Vietnam),Vietnam (North Vietnam),Government of France,Viet minh,1950,Asia,2,War,Extrasystemic,34,90
221,Myanmar,Myanmar (Burma),Government of Myanmar (Burma),KNUP,1950,Asia,2,War,Intrastate,34,90
222,Myanmar,Myanmar (Burma),Government of Myanmar (Burma),"CPB, CPB-RF, PVO - ""White Band"" faction",1950,Asia,2,War,Intrastate,34,90
223,Myanmar,Myanmar (Burma),Government of Myanmar (Burma),"APLP, Mujahid Party",1950,Asia,1,Minor Conflict,Intrastate,34,90
224,Myanmar,Myanmar (Burma),Government of Myanmar (Burma),MFL-MUF,1950,Asia,1,Minor Conflict,Intrastate,34,90
227,India,India,Government of India,CPI,1950,Asia,2,War,Intrastate,34,90
229,Malaysia,Malaysia,Government of United Kingdom,CPM,1950,Asia,2,War,Extrasystemic,34,90
231,Myanmar,Myanmar (Burma),Government of Myanmar (Burma),PNDF,1950,Asia,1,Minor Conflict,Intrastate,34,90
232,China,"China, Taiwan",Government of China,Government of Taiwan,1950,Asia,1,Minor Conflict,Interstate,34,90
234,Israel,Israel,Government of Israel,Palestinian insurgents,1950,Middle East,1,Minor Conflict,Intrastate,29,42
235,North Korea,"North Korea, South Korea",Government of North Korea,Government of South Korea,1950,Asia,2,War,Interstate,34,90
236,China,China,Government of China,Tibet,1950,Asia,1,Minor Conflict,Intrastate,34,90
237,Indonesia,Indonesia,Government of Indonesia,Republic of South Moluccas,1950,Asia,2,War,Intrastate,34,90
238,United States of America,United States of America,Government of United States of America,Puerto Rican Nationalist Party,1950,Americas,1,Minor Conflict,Extrasystemic,-14,-60
201,Cambodia (Kampuchea),Cambodia (Kampuchea),Government of France,Khmer Issarak,1951,Asia,1,Minor Conflict,Extrasystemic,34,90
208,Laos,Laos,Government of France,Lao Issara,1951,Asia,1,Minor Conflict,Extrasystemic,34,90
209,Philippines,Philippines,Government of Philippines,Huk,1951,Asia,2,War,Intrastate,34,90
216,Vietnam (North Vietnam),Vietnam (North Vietnam),Government of France,Viet minh,1951,Asia,2,War,Extrasystemic,34,90
221,Myanmar,Myanmar (Burma),Government of Myanmar (Burma),KNUP,1951,Asia,1,Minor Conflict,Intrastate,34,90
222,Myanmar,Myanmar (Burma),Government of Myanmar (Burma),"CPB, PVO - ""White Band"" faction",1951,Asia,2,War,Intrastate,34,90
223,Myanmar,Myanmar (Burma),Government of Myanmar (Burma),"APLP, Mujahid Party",1951,Asia,1,Minor Conflict,Intrastate,34,90
224,Myanmar,Myanmar (Burma),Government of Myanmar (Burma),MFL-MUF,1951,Asia,1,Minor Conflict,Intrastate,34,90
227,India,India,Government of India,CPI,1951,Asia,2,War,Intrastate,34,90
229,Malaysia,Malaysia,Government of United Kingdom,CPM,1951,Asia,2,War,Extrasystemic,34,90
234,Israel,Israel,Government of Israel,Palestinian insurgents,1951,Middle East,1,Minor Conflict,Intrastate,29,42
235,North Korea,"North Korea, South Korea",Government of North Korea,Government of South Korea,1951,Asia,2,War,Interstate,34,90
240,Thailand,Thailand,Government of Thailand,Military faction (navy),1951,Asia,1,Minor Conflict,Intrastate,34,90
200,Bolivia,Bolivia,Government of Bolivia,MNR,1952,Americas,1,Minor Conflict,Intrastate,-14,-60
201,Cambodia (Kampuchea),Cambodia (Kampuchea),Government of France,Khmer Issarak,1952,Asia,1,Minor Conflict,Extrasystemic,34,90
208,Laos,Laos,Government of France,Lao Issara,1952,Asia,1,Minor Conflict,Extrasystemic,34,90
209,Philippines,Philippines,Government of Philippines,Huk,1952,Asia,2,War,Intrastate,34,90
216,Vietnam (North Vietnam),Vietnam (North Vietnam),Government of France,Viet minh,1952,Asia,2,War,Extrasystemic,34,90
221,Myanmar,Myanmar (Burma),Government of Myanmar (Burma),KNUP,1952,Asia,1,Minor Conflict,Intrastate,34,90
222,Myanmar,Myanmar (Burma),Government of Myanmar (Burma),"CPB, PVO - ""White Band"" faction",1952,Asia,2,War,Intrastate,34,90
223,Myanmar,Myanmar (Burma),Government of Myanmar (Burma),"APLP, Mujahid Party",1952,Asia,1,Minor Conflict,Intrastate,34,90
224,Myanmar,Myanmar (Burma),Government of Myanmar (Burma),MPF,1952,Asia,1,Minor Conflict,Intrastate,34,90
229,Malaysia,Malaysia,Government of United Kingdom,CPM,1952,Asia,2,War,Extrasystemic,34,90
234,Israel,Israel,Government of Israel,Palestinian insurgents,1952,Middle East,1,Minor Conflict,Intrastate,29,42
235,North Korea,"North Korea, South Korea",Government of North Korea,Government of South Korea,1952,Asia,2,War,Interstate,34,90
241,Kenya,Kenya,Government of United Kingdom,Mau Mau,1952,Africa,1,Minor Conflict,Extrasystemic,-2,22
201,Cambodia (Kampuchea),Cambodia (Kampuchea),Government of France,Khmer Issarak,1953,Asia,1,Minor Conflict,Extrasystemic,34,90
208,Laos,Laos,Government of France,Lao Issara,1953,Asia,1,Minor Conflict,Extrasystemic,34,90
209,Philippines,Philippines,Government of Philippines,Huk,1953,Asia,2,War,Intrastate,34,90
216,Vietnam (North Vietnam),Vietnam (North Vietnam),Government of France,Viet minh,1953,Asia,2,War,Extrasystemic,34,90
221,Myanmar,Myanmar (Burma),Government of Myanmar (Burma),KNUP,1953,Asia,1,Minor Conflict,Intrastate,34,90
222,Myanmar,Myanmar (Burma),Government of Myanmar (Burma),"CPB, PVO - ""White Band"" faction",1953,Asia,2,War,Intrastate,34,90
223,Myanmar,Myanmar (Burma),Government of Myanmar (Burma),"APLP, Mujahid Party",1953,Asia,1,Minor Conflict,Intrastate,34,90
224,Myanmar,Myanmar (Burma),Government of Myanmar (Burma),MPF,1953,Asia,1,Minor Conflict,Intrastate,34,90
229,Malaysia,Malaysia,Government of United Kingdom,CPM,1953,Asia,2,War,Extrasystemic,34,90
234,Israel,Israel,Government of Israel,Palestinian insurgents,1953,Middle East,1,Minor Conflict,Intrastate,29,42
235,North Korea,"North Korea, South Korea",Government of North Korea,Government of South Korea,1953,Asia,2,War,Interstate,34,90
241,Kenya,Kenya,Government of United Kingdom,Mau Mau,1953,Africa,2,War,Extrasystemic,-2,22
242,Cuba,Cuba,Government of Cuba,M-26-7,1953,Americas,1,Minor Conflict,Intrastate,-14,-60
243,Indonesia,Indonesia,Government of Indonesia,Darul Islam,1953,Asia,2,War,Intrastate,34,90
244,Morocco,Morocco,Government of France,Istiqlal,1953,Africa,1,Minor Conflict,Extrasystemic,-2,22
245,Tunisia,Tunisia,Government of France,National Liberation Army,1953,Africa,1,Minor Conflict,Extrasystemic,-2,22
209,Philippines,Philippines,Government of Philippines,Huk,1954,Asia,2,War,Intrastate,34,90
216,Vietnam (North Vietnam),Vietnam (North Vietnam),Government of France,Viet minh,1954,Asia,2,War,Extrasystemic,34,90
220,Paraguay,Paraguay,Government of Paraguay,Military faction (forces of Alfredo Stroessner),1954,Americas,1,Minor Conflict,Intrastate,-14,-60
221,Myanmar,Myanmar (Burma),Government of Myanmar (Burma),KNUP,1954,Asia,1,Minor Conflict,Intrastate,34,90
222,Myanmar,Myanmar (Burma),Government of Myanmar (Burma),CPB,1954,Asia,1,Minor Conflict,Intrastate,34,90
223,Myanmar,Myanmar (Burma),Government of Myanmar (Burma),"APLP, Mujahid Party",1954,Asia,1,Minor Conflict,Intrastate,34,90
224,Myanmar,Myanmar (Burma),Government of Myanmar (Burma),MPF,1954,Asia,1,Minor Conflict,Intrastate,34,90
229,Malaysia,Malaysia,Government of United Kingdom,CPM,1954,Asia,1,Minor Conflict,Extrasystemic,34,90
232,China,"China, Taiwan",Government of China,Government of Taiwan,1954,Asia,2,War,Interstate,34,90
233,Guatemala,Guatemala,Government of Guatemala,Forces of Carlos Castillo Armas,1954,Americas,1,Minor Conflict,Intrastate,-14,-60
234,Israel,Israel,Government of Israel,Palestinian insurgents,1954,Middle East,1,Minor Conflict,Intrastate,29,42
241,Kenya,Kenya,Government of United Kingdom,Mau Mau,1954,Africa,2,War,Extrasystemic,-2,22
244,Morocco,Morocco,Government of France,Istiqlal,1954,Africa,1,Minor Conflict,Extrasystemic,-2,22
245,Tunisia,Tunisia,Government of France,National Liberation Army,1954,Africa,1,Minor Conflict,Extrasystemic,-2,22
246,Algeria,Algeria,Government of France,FLN,1954,Africa,1,Minor Conflict,Extrasystemic,-2,22
221,Myanmar,Myanmar (Burma),Government of Myanmar (Burma),KNUP,1955,Asia,2,War,Intrastate,34,90
222,Myanmar,Myanmar (Burma),Government of Myanmar (Burma),CPB,1955,Asia,1,Minor Conflict,Intrastate,34,90
223,Myanmar,Myanmar (Burma),Government of Myanmar (Burma),"APLP, Mujahid Party",1955,Asia,1,Minor Conflict,Intrastate,34,90
224,Myanmar,Myanmar (Burma),Government of Myanmar (Burma),MPF,1955,Asia,1,Minor Conflict,Intrastate,34,90
229,Malaysia,Malaysia,Government of United Kingdom,CPM,1955,Asia,1,Minor Conflict,Extrasystemic,34,90
234,Israel,Israel,Government of Israel,Palestinian insurgents,1955,Middle East,1,Minor Conflict,Intrastate,29,42
241,Kenya,Kenya,Government of United Kingdom,Mau Mau,1955,Africa,2,War,Extrasystemic,-2,22
244,Morocco,Morocco,Government of France,Istiqlal,1955,Africa,1,Minor Conflict,Extrasystemic,-2,22
245,Tunisia,Tunisia,Government of France,National Liberation Army,1955,Africa,1,Minor Conflict,Extrasystemic,-2,22
246,Algeria,Algeria,Government of France,"FLN , MNA",1955,Africa,2,War,Extrasystemic,-2,22
247,Argentina,Argentina,Government of Argentina,"Military faction (forces of Eduardo A. Lonardi Doucet), Military faction (forces of Samuel Toranzo Calderón)",1955,Americas,1,Minor Conflict,Intrastate,-14,-60
248,Cyprus,Cyprus,Government of United Kingdom,EOKA,1955,Europe,1,Minor Conflict,Extrasystemic,54,25
249,South Vietnam,South Vietnam,Government of South Vietnam,FNL,1955,Asia,2,War,Intrastate,34,90
221,Myanmar,Myanmar (Burma),Government of Myanmar (Burma),KNUP,1956,Asia,1,Minor Conflict,Intrastate,34,90
222,Myanmar,Myanmar (Burma),Government of Myanmar (Burma),CPB,1956,Asia,1,Minor Conflict,Intrastate,34,90
223,Myanmar,Myanmar (Burma),Government of Myanmar (Burma),"APLP, Mujahid Party",1956,Asia,1,Minor Conflict,Intrastate,34,90
224,Myanmar,Myanmar (Burma),Government of Myanmar (Burma),MPF,1956,Asia,1,Minor Conflict,Intrastate,34,90
229,Malaysia,Malaysia,Government of United Kingdom,CPM,1956,Asia,1,Minor Conflict,Extrasystemic,34,90
234,Israel,Israel,Government of Israel,Palestinian insurgents,1956,Middle East,1,Minor Conflict,Intrastate,29,42
236,China,China,Government of China,Tibet,1956,Asia,2,War,Intrastate,34,90
241,Kenya,Kenya,Government of United Kingdom,Mau Mau,1956,Africa,2,War,Extrasystemic,-2,22
242,Cuba,Cuba,Government of Cuba,M-26-7,1956,Americas,1,Minor Conflict,Intrastate,-14,-60
244,Morocco,Morocco,Government of France,Istiqlal,1956,Africa,1,Minor Conflict,Extrasystemic,-2,22
245,Tunisia,Tunisia,Government of France,National Liberation Army,1956,Africa,1,Minor Conflict,Extrasystemic,-2,22
246,Algeria,Algeria,Government of France,"FLN , MNA",1956,Africa,2,War,Extrasystemic,-2,22
248,Cyprus,Cyprus,Government of United Kingdom,EOKA,1956,Europe,1,Minor Conflict,Extrasystemic,54,25
249,South Vietnam,South Vietnam,Government of South Vietnam,FNL,1956,Asia,2,War,Intrastate,34,90
250,Russia,"Hungary, Russia (Soviet Union)",Government of Hungary,Government of Russia (Soviet Union),1956,Europe,2,War,Interstate,54,25
251,India,India,Government of India,NNC,1956,Asia,1,Minor Conflict,Intrastate,34,90
221,Myanmar,Myanmar (Burma),Government of Myanmar (Burma),KNUP,1957,Asia,1,Minor Conflict,Intrastate,34,90
222,Myanmar,Myanmar (Burma),Government of Myanmar (Burma),CPB,1957,Asia,1,Minor Conflict,Intrastate,34,90
223,Myanmar,Myanmar (Burma),Government of Myanmar (Burma),"APLP, Mujahid Party",1957,Asia,1,Minor Conflict,Intrastate,34,90
224,Myanmar,Myanmar (Burma),Government of Myanmar (Burma),MPF,1957,Asia,1,Minor Conflict,Intrastate,34,90
229,Malaysia,Malaysia,Government of United Kingdom,CPM,1957,Asia,1,Minor Conflict,Extrasystemic,34,90
234,Israel,Israel,Government of Israel,Palestinian insurgents,1957,Middle East,1,Minor Conflict,Intrastate,29,42
242,Cuba,Cuba,Government of Cuba,M-26-7,1957,Americas,1,Minor Conflict,Intrastate,-14,-60
246,Algeria,Algeria,Government of France,"FLN , MNA",1957,Africa,2,War,Extrasystemic,-2,22
248,Cyprus,Cyprus,Government of United Kingdom,EOKA,1957,Europe,1,Minor Conflict,Extrasystemic,54,25
249,South Vietnam,South Vietnam,Government of South Vietnam,FNL,1957,Asia,2,War,Intrastate,34,90
251,India,India,Government of India,NNC,1957,Asia,1,Minor Conflict,Intrastate,34,90
253,Myanmar,Myanmar (Burma),Government of Myanmar (Burma),KNPP,1957,Asia,1,Minor Conflict,Intrastate,34,90
254,Cameroon,Cameroon,Government of France,UPC,1957,Africa,1,Minor Conflict,Extrasystemic,-2,22
255,Honduras,"Honduras, Nicaragua",Government of Honduras,Government of Nicaragua,1957,Americas,1,Minor Conflict,Interstate,-14,-60
256,Mauritania,"Mauritania, Morocco",Government of France,NLA,1957,Africa,1,Minor Conflict,Extrasystemic,-2,22
257,Mauritania,"Mauritania, Morocco",Government of Spain,NLA,1957,Africa,1,Minor Conflict,Extrasystemic,-2,22
258,Oman,Oman,Government of Oman,State of Oman/Free Oman,1957,Middle East,1,Minor Conflict,Internationalized Intrastate,29,42
221,Myanmar,Myanmar (Burma),Government of Myanmar (Burma),KNUP,1958,Asia,1,Minor Conflict,Intrastate,34,90
222,Myanmar,Myanmar (Burma),Government of Myanmar (Burma),CPB,1958,Asia,1,Minor Conflict,Intrastate,34,90
223,Myanmar,Myanmar (Burma),Government of Myanmar (Burma),Mujahid Party,1958,Asia,1,Minor Conflict,Intrastate,34,90
224,Myanmar,Myanmar (Burma),Government of Myanmar (Burma),MPF,1958,Asia,1,Minor Conflict,Intrastate,34,90
232,China,"China, Taiwan",Government of China,Government of Taiwan,1958,Asia,2,War,Interstate,34,90
234,Israel,Israel,Government of Israel,Palestinian insurgents,1958,Middle East,1,Minor Conflict,Intrastate,29,42
242,Cuba,Cuba,Government of Cuba,M-26-7,1958,Americas,2,War,Intrastate,-14,-60
243,Indonesia,Indonesia,Government of Indonesia,"Darul Islam, Permesta Movement, PRRI",1958,Asia,2,War,Intrastate,34,90
246,Algeria,Algeria,Government of France,FLN,1958,Africa,2,War,Extrasystemic,-2,22
248,Cyprus,Cyprus,Government of United Kingdom,EOKA,1958,Europe,1,Minor Conflict,Extrasystemic,54,25
249,South Vietnam,South Vietnam,Government of South Vietnam,FNL,1958,Asia,2,War,Intrastate,34,90
251,India,India,Government of India,NNC,1958,Asia,1,Minor Conflict,Intrastate,34,90
254,Cameroon,Cameroon,Government of France,UPC,1958,Africa,1,Minor Conflict,Extrasystemic,-2,22
256,Mauritania,"Mauritania, Morocco",Government of France,NLA,1958,Africa,1,Minor Conflict,Extrasystemic,-2,22
257,Mauritania,"Mauritania, Morocco",Government of Spain,NLA,1958,Africa,1,Minor Conflict,Extrasystemic,-2,22
259,Iraq,Iraq,Government of Iraq,Military faction (free Officers Movement),1958,Middle East,1,Minor Conflict,Intrastate,29,42
260,Lebanon,Lebanon,Government of Lebanon,Independent Nasserite Movement,1958,Middle East,2,War,Intrastate,29,42
261,Malaysia,Malaysia,Government of Malaysia,CPM,1958,Asia,1,Minor Conflict,Internationalized Intrastate,34,90
221,Myanmar,Myanmar (Burma),Government of Myanmar (Burma),KNUP,1959,Asia,1,Minor Conflict,Intrastate,34,90
222,Myanmar,Myanmar (Burma),Government of Myanmar (Burma),CPB,1959,Asia,1,Minor Conflict,Intrastate,34,90
223,Myanmar,Myanmar (Burma),Government of Myanmar (Burma),Mujahid Party,1959,Asia,1,Minor Conflict,Intrastate,34,90
224,Myanmar,Myanmar (Burma),Government of Myanmar (Burma),NMSP,1959,Asia,1,Minor Conflict,Intrastate,34,90
234,Israel,Israel,Government of Israel,Palestinian insurgents,1959,Middle East,1,Minor Conflict,Intrastate,29,42
236,China,China,Government of China,Tibet,1959,Asia,2,War,Intrastate,34,90
243,Indonesia,Indonesia,Government of Indonesia,"Darul Islam, Permesta Movement, PRRI",1959,Asia,2,War,Intrastate,34,90
246,Algeria,Algeria,Government of France,FLN,1959,Africa,2,War,Extrasystemic,-2,22
248,Cyprus,Cyprus,Government of United Kingdom,EOKA,1959,Europe,1,Minor Conflict,Extrasystemic,54,25
249,South Vietnam,South Vietnam,Government of South Vietnam,FNL,1959,Asia,2,War,Intrastate,34,90
251,India,India,Government of India,NNC,1959,Asia,1,Minor Conflict,Intrastate,34,90
254,Cameroon,Cameroon,Government of France,UPC,1959,Africa,1,Minor Conflict,Extrasystemic,-2,22
259,Iraq,Iraq,Government of Iraq,Military faction (forces of Abdul Wahab al-Shawaf),1959,Middle East,1,Minor Conflict,Intrastate,29,42
261,Malaysia,Malaysia,Government of Malaysia,CPM,1959,Asia,1,Minor Conflict,Internationalized Intrastate,34,90
262,Laos,Laos,Government of Laos,Pathet Lao,1959,Asia,2,War,Intrastate,34,90
264,Myanmar,Myanmar (Burma),Government of Myanmar (Burma),NSH,1959,Asia,1,Minor Conflict,Intrastate,34,90
221,Myanmar,Myanmar (Burma),Government of Myanmar (Burma),KNUP,1960,Asia,1,Minor Conflict,Intrastate,34,90
222,Myanmar,Myanmar (Burma),Government of Myanmar (Burma),CPB,1960,Asia,1,Minor Conflict,Intrastate,34,90
223,Myanmar,Myanmar (Burma),Government of Myanmar (Burma),Mujahid Party,1960,Asia,1,Minor Conflict,Intrastate,34,90
224,Myanmar,Myanmar (Burma),Government of Myanmar (Burma),NMSP,1960,Asia,1,Minor Conflict,Intrastate,34,90
234,Israel,Israel,Government of Israel,Palestinian insurgents,1960,Middle East,1,Minor Conflict,Intrastate,29,42
243,Indonesia,Indonesia,Government of Indonesia,"Darul Islam, Permesta Movement, PRRI",1960,Asia,1,Minor Conflict,Intrastate,34,90
246,Algeria,Algeria,Government of France,FLN,1960,Africa,2,War,Extrasystemic,-2,22
249,South Vietnam,South Vietnam,Government of South Vietnam,FNL,1960,Asia,2,War,Intrastate,34,90
261,Malaysia,Malaysia,Government of Malaysia,CPM,1960,Asia,1,Minor Conflict,Internationalized Intrastate,34,90
262,Laos,Laos,Government of Laos,"Neutralists, Pathet Lao",1960,Asia,2,War,Internationalized Intrastate,34,90
264,Myanmar,Myanmar (Burma),Government of Myanmar (Burma),SSIA,1960,Asia,1,Minor Conflict,Intrastate,34,90
266,Democratic Republic of Congo,DR Congo (Zaire),Government of DR Congo (Zaire),Independent Mining State of South Kasai,1960,Africa,1,Minor Conflict,Intrastate,-2,22
267,Ethiopia,Ethiopia,Government of Ethiopia,Military faction (forces of Mengistu Neway),1960,Africa,1,Minor Conflict,Intrastate,-2,22
269,Nepal,Nepal,Government of Nepal,NC,1960,Asia,1,Minor Conflict,Intrastate,34,90
353,Cameroon,Cameroon,Government of Cameroon,UPC,1960,Africa,2,War,Internationalized Intrastate,-2,22
221,Myanmar,Myanmar (Burma),Government of Myanmar (Burma),KNUP,1961,Asia,1,Minor Conflict,Intrastate,34,90
222,Myanmar,Myanmar (Burma),Government of Myanmar (Burma),CPB,1961,Asia,1,Minor Conflict,Intrastate,34,90
223,Myanmar,Myanmar (Burma),Government of Myanmar (Burma),Mujahid Party,1961,Asia,1,Minor Conflict,Intrastate,34,90
224,Myanmar,Myanmar (Burma),Government of Myanmar (Burma),NMSP,1961,Asia,1,Minor Conflict,Intrastate,34,90
231,Myanmar,Myanmar (Burma),Government of Myanmar (Burma),KIO,1961,Asia,2,War,Intrastate,34,90
234,Israel,Israel,Government of Israel,Palestinian insurgents,1961,Middle East,1,Minor Conflict,Intrastate,29,42
242,Cuba,Cuba,Government of Cuba,Cuban Revolutionary Council,1961,Americas,1,Minor Conflict,Internationalized Intrastate,-14,-60
243,Indonesia,Indonesia,Government of Indonesia,"Darul Islam, Permesta Movement, PRRI",1961,Asia,2,War,Intrastate,34,90
246,Algeria,Algeria,Government of France,FLN,1961,Africa,2,War,Extrasystemic,-2,22
249,South Vietnam,South Vietnam,Government of South Vietnam,FNL,1961,Asia,2,War,Intrastate,34,90
251,India,India,Government of India,NNC,1961,Asia,1,Minor Conflict,Intrastate,34,90
262,Laos,Laos,Government of Laos,Pathet Lao,1961,Asia,2,War,Internationalized Intrastate,34,90
263,Angola,Angola,Government of Portugal,"FNLA, MPLA",1961,Africa,2,War,Extrasystemic,-2,22
264,Myanmar,Myanmar (Burma),Government of Myanmar (Burma),SSIA,1961,Asia,1,Minor Conflict,Intrastate,34,90
265,Democratic Republic of Congo,DR Congo (Zaire),Government of DR Congo (Zaire),State of Katanga,1961,Africa,1,Minor Conflict,Intrastate,-2,22
266,Democratic Republic of Congo,DR Congo (Zaire),Government of DR Congo (Zaire),Independent Mining State of South Kasai,1961,Africa,1,Minor Conflict,Intrastate,-2,22
269,Nepal,Nepal,Government of Nepal,NC,1961,Asia,1,Minor Conflict,Intrastate,34,90
270,France,France,Government of France,OAS,1961,Europe,2,War,Intrastate,54,25
271,Iraq,Iraq,Government of Iraq,KDP,1961,Middle East,2,War,Intrastate,29,42
353,Cameroon,Cameroon,Government of Cameroon,UPC,1961,Africa,1,Minor Conflict,Intrastate,-2,22
221,Myanmar,Myanmar (Burma),Government of Myanmar (Burma),KNUP,1962,Asia,1,Minor Conflict,Intrastate,34,90
222,Myanmar,Myanmar (Burma),Government of Myanmar (Burma),CPB,1962,Asia,1,Minor Conflict,Intrastate,34,90
224,Myanmar,Myanmar (Burma),Government of Myanmar (Burma),NMSP,1962,Asia,1,Minor Conflict,Intrastate,34,90
230,Yemen (North Yemen),Yemen (North Yemen),Government of Yemen (North Yemen),Royalists,1962,Middle East,2,War,Internationalized Intrastate,29,42
231,Myanmar,Myanmar (Burma),Government of Myanmar (Burma),KIO,1962,Asia,2,War,Intrastate,34,90
234,Israel,Israel,Government of Israel,Palestinian insurgents,1962,Middle East,1,Minor Conflict,Intrastate,29,42
246,Algeria,Algeria,Government of France,FLN,1962,Africa,1,Minor Conflict,Extrasystemic,-2,22
249,South Vietnam,South Vietnam,Government of South Vietnam,FNL,1962,Asia,2,War,Internationalized Intrastate,34,90
251,India,India,Government of India,NNC,1962,Asia,1,Minor Conflict,Intrastate,34,90
263,Angola,Angola,Government of Portugal,FNLA,1962,Africa,2,War,Extrasystemic,-2,22
264,Myanmar,Myanmar (Burma),Government of Myanmar (Burma),SNUF,1962,Asia,1,Minor Conflict,Intrastate,34,90
265,Democratic Republic of Congo,DR Congo (Zaire),Government of DR Congo (Zaire),State of Katanga,1962,Africa,1,Minor Conflict,Intrastate,-2,22
266,Democratic Republic of Congo,DR Congo (Zaire),Government of DR Congo (Zaire),Independent Mining State of South Kasai,1962,Africa,1,Minor Conflict,Intrastate,-2,22
269,Nepal,Nepal,Government of Nepal,NC,1962,Asia,1,Minor Conflict,Intrastate,34,90
270,France,France,Government of France,OAS,1962,Europe,2,War,Intrastate,54,25
271,Iraq,Iraq,Government of Iraq,KDP,1962,Middle East,2,War,Intrastate,29,42
273,Brunei,Brunei,Government of United Kingdom,North Kalimantan Liberation Army,1962,Asia,1,Minor Conflict,Extrasystemic,34,90
274,China,"China, India",Government of China,Government of India,1962,Asia,2,War,Interstate,34,90
277,Venezuela,Venezuela,Government of Venezuela,Military faction (navy),1962,Americas,1,Minor Conflict,Intrastate,-14,-60
221,Myanmar,Myanmar (Burma),Government of Myanmar (Burma),KNUP,1963,Asia,1,Minor Conflict,Intrastate,34,90
222,Myanmar,Myanmar (Burma),Government of Myanmar (Burma),CPB,1963,Asia,1,Minor Conflict,Intrastate,34,90
224,Myanmar,Myanmar (Burma),Government of Myanmar (Burma),NMSP,1963,Asia,1,Minor Conflict,Intrastate,34,90
230,Yemen (North Yemen),Yemen (North Yemen),Government of Yemen (North Yemen),Royalists,1963,Middle East,2,War,Internationalized Intrastate,29,42
231,Myanmar,Myanmar (Burma),Government of Myanmar (Burma),KIO,1963,Asia,2,War,Intrastate,34,90
233,Guatemala,Guatemala,Government of Guatemala,FAR I,1963,Americas,1,Minor Conflict,Intrastate,-14,-60
234,Israel,Israel,Government of Israel,Palestinian insurgents,1963,Middle East,1,Minor Conflict,Intrastate,29,42
247,Argentina,Argentina,Government of Argentina,Military faction (colorados),1963,Americas,1,Minor Conflict,Intrastate,-14,-60
249,South Vietnam,South Vietnam,Government of South Vietnam,FNL,1963,Asia,2,War,Internationalized Intrastate,34,90
251,India,India,Government of India,NNC,1963,Asia,1,Minor Conflict,Intrastate,34,90
259,Iraq,Iraq,Government of Iraq,"Military faction (forces of Abd as-Salam Arif), NCRC",1963,Middle East,2,War,Intrastate,29,42
262,Laos,Laos,Government of Laos,Pathet Lao,1963,Asia,2,War,Internationalized Intrastate,34,90
263,Angola,Angola,Government of Portugal,"FNLA, MPLA",1963,Africa,1,Minor Conflict,Extrasystemic,-2,22
264,Myanmar,Myanmar (Burma),Government of Myanmar (Burma),SNUF,1963,Asia,1,Minor Conflict,Intrastate,34,90
271,Iraq,Iraq,Government of Iraq,KDP,1963,Middle East,2,War,Intrastate,29,42
278,Algeria,"Algeria, Morocco",Government of Algeria,Government of Morocco,1963,Africa,1,Minor Conflict,Interstate,-2,22
279,Guinea-Bissau,Guinea-Bissau,Government of Portugal,PAIGC,1963,Africa,1,Minor Conflict,Extrasystemic,-2,22
280,Malaysia,Malaysia,Government of Malaysia,CCO,1963,Asia,1,Minor Conflict,Intrastate,34,90
281,Indonesia,"Indonesia, Malaysia",Government of Indonesia,Government of Malaysia,1963,Asia,1,Minor Conflict,Interstate,34,90
282,Sudan,Sudan,Government of Sudan,SSLM,1963,Africa,2,War,Intrastate,-2,22
218,India,"India, Pakistan",Government of India,Government of Pakistan,1964,Asia,1,Minor Conflict,Interstate,34,90
221,Myanmar,Myanmar (Burma),Government of Myanmar (Burma),KNUP,1964,Asia,1,Minor Conflict,Intrastate,34,90
222,Myanmar,Myanmar (Burma),Government of Myanmar (Burma),CPB,1964,Asia,1,Minor Conflict,Intrastate,34,90
223,Myanmar,Myanmar (Burma),Government of Myanmar (Burma),"ANLP, CPA",1964,Asia,1,Minor Conflict,Intrastate,34,90
230,Yemen (North Yemen),Yemen (North Yemen),Government of Yemen (North Yemen),Royalists,1964,Middle East,2,War,Internationalized Intrastate,29,42
231,Myanmar,Myanmar (Burma),Government of Myanmar (Burma),KIO,1964,Asia,2,War,Intrastate,34,90
234,Israel,Israel,Government of Israel,Palestinian insurgents,1964,Middle East,1,Minor Conflict,Intrastate,29,42
249,South Vietnam,South Vietnam,Government of South Vietnam,FNL,1964,Asia,2,War,Internationalized Intrastate,34,90
251,India,India,Government of India,NNC,1964,Asia,1,Minor Conflict,Intrastate,34,90
262,Laos,Laos,Government of Laos,Pathet Lao,1964,Asia,2,War,Internationalized Intrastate,34,90
263,Angola,Angola,Government of Portugal,"FNLA, MPLA",1964,Africa,1,Minor Conflict,Extrasystemic,-2,22
264,Myanmar,Myanmar (Burma),Government of Myanmar (Burma),SSA,1964,Asia,2,War,Intrastate,34,90
268,Ethiopia,"Ethiopia, Somalia",Government of Ethiopia,Government of Somalia,1964,Africa,1,Minor Conflict,Interstate,-2,22
271,Iraq,Iraq,Government of Iraq,KDP,1964,Middle East,1,Minor Conflict,Intrastate,29,42
275,Ethiopia,Ethiopia,Government of Ethiopia,ELF,1964,Africa,1,Minor Conflict,Intrastate,-2,22
279,Guinea-Bissau,Guinea-Bissau,Government of Portugal,PAIGC,1964,Africa,1,Minor Conflict,Extrasystemic,-2,22
280,Malaysia,Malaysia,Government of Malaysia,CCO,1964,Asia,1,Minor Conflict,Intrastate,34,90
281,Indonesia,"Indonesia, Malaysia",Government of Indonesia,Government of Malaysia,1964,Asia,1,Minor Conflict,Interstate,34,90
282,Sudan,Sudan,Government of Sudan,SSLM,1964,Africa,2,War,Intrastate,-2,22
283,Democratic Republic of Congo,DR Congo (Zaire),Government of DR Congo (Zaire),CNL,1964,Africa,2,War,Intrastate,-2,22
284,Gabon,Gabon,Government of Gabon,Military faction (forces loyal to Léon M'Ba),1964,Africa,1,Minor Conflict,Internationalized Intrastate,-2,22
285,Mozambique,Mozambique,Government of Portugal,Frelimo,1964,Africa,1,Minor Conflict,Extrasystemic,-2,22
286,South Yemen,South Yemen,Government of United Kingdom,FLOSY,1964,Middle East,1,Minor Conflict,Extrasystemic,29,42
289,Colombia,Colombia,Government of Colombia,FARC,1964,Americas,1,Minor Conflict,Intrastate,-14,-60
329,Ethiopia,Ethiopia,Government of Ethiopia,Ogaden Liberation Front,1964,Africa,1,Minor Conflict,Intrastate,-2,22
218,India,"India, Pakistan",Government of India,Government of Pakistan,1965,Asia,2,War,Interstate,34,90
221,Myanmar,Myanmar (Burma),Government of Myanmar (Burma),KNUP,1965,Asia,1,Minor Conflict,Intrastate,34,90
222,Myanmar,Myanmar (Burma),Government of Myanmar (Burma),CPB,1965,Asia,1,Minor Conflict,Intrastate,34,90
223,Myanmar,Myanmar (Burma),Government of Myanmar (Burma),"ANLP, CPA",1965,Asia,1,Minor Conflict,Intrastate,34,90
230,Yemen (North Yemen),Yemen (North Yemen),Government of Yemen (North Yemen),Royalists,1965,Middle East,1,Minor Conflict,Internationalized Intrastate,29,42
231,Myanmar,Myanmar (Burma),Government of Myanmar (Burma),KIO,1965,Asia,2,War,Intrastate,34,90
233,Guatemala,Guatemala,Government of Guatemala,FAR I,1965,Americas,1,Minor Conflict,Intrastate,-14,-60
234,Israel,Israel,Government of Israel,"Non PLO groups, PLO",1965,Middle East,1,Minor Conflict,Intrastate,29,42
251,India,India,Government of India,NNC,1965,Asia,1,Minor Conflict,Intrastate,34,90
262,Laos,Laos,Government of Laos,Pathet Lao,1965,Asia,2,War,Internationalized Intrastate,34,90
263,Angola,Angola,Government of Portugal,"FNLA, MPLA",1965,Africa,1,Minor Conflict,Extrasystemic,-2,22
264,Myanmar,Myanmar (Burma),Government of Myanmar (Burma),SSA,1965,Asia,2,War,Intrastate,34,90
271,Iraq,Iraq,Government of Iraq,KDP,1965,Middle East,2,War,Intrastate,29,42
275,Ethiopia,Ethiopia,Government of Ethiopia,ELF,1965,Africa,1,Minor Conflict,Intrastate,-2,22
279,Guinea-Bissau,Guinea-Bissau,Government of Portugal,PAIGC,1965,Africa,1,Minor Conflict,Extrasystemic,-2,22
280,Malaysia,Malaysia,Government of Malaysia,CCO,1965,Asia,1,Minor Conflict,Internationalized Intrastate,34,90
281,Indonesia,"Indonesia, Malaysia",Government of Indonesia,Government of Malaysia,1965,Asia,1,Minor Conflict,Interstate,34,90
282,Sudan,Sudan,Government of Sudan,SSLM,1965,Africa,2,War,Intrastate,-2,22
283,Democratic Republic of Congo,DR Congo (Zaire),Government of DR Congo (Zaire),CNL,1965,Africa,2,War,Intrastate,-2,22
285,Mozambique,Mozambique,Government of Portugal,Frelimo,1965,Africa,1,Minor Conflict,Extrasystemic,-2,22
286,South Yemen,South Yemen,Government of United Kingdom,FLOSY,1965,Middle East,1,Minor Conflict,Extrasystemic,29,42
287,Burundi,Burundi,Government of Burundi,Military faction (forces loyal to Gervais Nyangoma),1965,Africa,1,Minor Conflict,Intrastate,-2,22
289,Colombia,Colombia,Government of Colombia,FARC,1965,Americas,1,Minor Conflict,Intrastate,-14,-60
290,Dominican Republic,Dominican Republic,Government of Dominican Republic,Military faction (constitutionalists),1965,Americas,1,Minor Conflict,Intrastate,-14,-60
291,Indonesia,Indonesia,Government of Indonesia,OPM,1965,Asia,1,Minor Conflict,Intrastate,34,90
292,Peru,Peru,Government of Peru,"ELN, MIR",1965,Americas,1,Minor Conflict,Intrastate,-14,-60
293,South Vietnam,"South Vietnam, Vietnam (North Vietnam)",Government of South Vietnam,Government of Vietnam (North Vietnam),1965,Asia,2,War,Interstate,34,90
205,Iran,Iran,Government of Iran,KDPI,1966,Middle East,1,Minor Conflict,Intrastate,29,42
221,Myanmar,Myanmar (Burma),Government of Myanmar (Burma),"KNU, KNUP",1966,Asia,1,Minor Conflict,Intrastate,34,90
222,Myanmar,Myanmar (Burma),Government of Myanmar (Burma),CPB,1966,Asia,1,Minor Conflict,Intrastate,34,90
223,Myanmar,Myanmar (Burma),Government of Myanmar (Burma),"ANLP, CPA",1966,Asia,1,Minor Conflict,Intrastate,34,90
230,Yemen (North Yemen),Yemen (North Yemen),Government of Yemen (North Yemen),Royalists,1966,Middle East,2,War,Internationalized Intrastate,29,42
231,Myanmar,Myanmar (Burma),Government of Myanmar (Burma),KIO,1966,Asia,2,War,Intrastate,34,90
233,Guatemala,Guatemala,Government of Guatemala,FAR I,1966,Americas,1,Minor Conflict,Intrastate,-14,-60
234,Israel,Israel,Government of Israel,"Non PLO groups, PLO",1966,Middle East,1,Minor Conflict,Intrastate,29,42
251,India,India,Government of India,NNC,1966,Asia,1,Minor Conflict,Intrastate,34,90
262,Laos,Laos,Government of Laos,Pathet Lao,1966,Asia,2,War,Internationalized Intrastate,34,90
263,Angola,Angola,Government of Portugal,"FNLA, MPLA, UNITA",1966,Africa,1,Minor Conflict,Extrasystemic,-2,22
264,Myanmar,Myanmar (Burma),Government of Myanmar (Burma),SSA,1966,Asia,2,War,Intrastate,34,90
271,Iraq,Iraq,Government of Iraq,KDP,1966,Middle East,2,War,Intrastate,29,42
275,Ethiopia,Ethiopia,Government of Ethiopia,ELF,1966,Africa,1,Minor Conflict,Intrastate,-2,22
279,Guinea-Bissau,Guinea-Bissau,Government of Portugal,PAIGC,1966,Africa,1,Minor Conflict,Extrasystemic,-2,22
280,Malaysia,Malaysia,Government of Malaysia,CCO,1966,Asia,1,Minor Conflict,Internationalized Intrastate,34,90
281,Indonesia,"Indonesia, Malaysia",Government of Indonesia,Government of Malaysia,1966,Asia,1,Minor Conflict,Interstate,34,90
282,Sudan,Sudan,Government of Sudan,SSLM,1966,Africa,2,War,Intrastate,-2,22
285,Mozambique,Mozambique,Government of Portugal,Frelimo,1966,Africa,1,Minor Conflict,Extrasystemic,-2,22
286,South Yemen,South Yemen,Government of United Kingdom,FLOSY,1966,Middle East,1,Minor Conflict,Extrasystemic,29,42
288,Chad,Chad,Government of Chad,Frolinat,1966,Africa,1,Minor Conflict,Intrastate,-2,22
289,Colombia,Colombia,Government of Colombia,"ELN, FARC",1966,Americas,1,Minor Conflict,Intrastate,-14,-60
293,South Vietnam,"South Vietnam, Vietnam (North Vietnam)",Government of South Vietnam,Government of Vietnam (North Vietnam),1966,Asia,2,War,Interstate,34,90
295,Ghana,Ghana,Government of Ghana,NLC,1966,Africa,1,Minor Conflict,Intrastate,-2,22
296,India,India,Government of India,MNF,1966,Asia,1,Minor Conflict,Intrastate,34,90
297,Nigeria,Nigeria,Government of Nigeria,Military faction (forces of Patrick Nzeogwu),1966,Africa,1,Minor Conflict,Intrastate,-2,22
298,South Africa,South Africa,Government of South Africa,SWAPO,1966,Africa,1,Minor Conflict,Intrastate,-2,22
299,Syria,Syria,Government of Syria,Military faction (forces loyal to Nureddin Atassi and Youssef Zeayen),1966,Middle East,1,Minor Conflict,Intrastate,29,42
11343,Egypt,"Egypt, Israel",Government of Egypt,Government of Israel,1967,Middle East,2,War,Interstate,29,42
200,Bolivia,Bolivia,Government of Bolivia,ELN,1967,Americas,1,Minor Conflict,Intrastate,-14,-60
205,Iran,Iran,Government of Iran,KDPI,1967,Middle East,1,Minor Conflict,Intrastate,29,42
221,Myanmar,Myanmar (Burma),Government of Myanmar (Burma),"KNU, KNUP",1967,Asia,1,Minor Conflict,Intrastate,34,90
222,Myanmar,Myanmar (Burma),Government of Myanmar (Burma),CPB,1967,Asia,1,Minor Conflict,Intrastate,34,90
223,Myanmar,Myanmar (Burma),Government of Myanmar (Burma),"ANLP, CPA",1967,Asia,1,Minor Conflict,Intrastate,34,90
230,Yemen (North Yemen),Yemen (North Yemen),Government of Yemen (North Yemen),Royalists,1967,Middle East,2,War,Internationalized Intrastate,29,42
231,Myanmar,Myanmar (Burma),Government of Myanmar (Burma),KIO,1967,Asia,2,War,Intrastate,34,90
233,Guatemala,Guatemala,Government of Guatemala,FAR I,1967,Americas,1,Minor Conflict,Intrastate,-14,-60
234,Israel,Israel,Government of Israel,"Non PLO groups, PLO",1967,Middle East,1,Minor Conflict,Intrastate,29,42
251,India,India,Government of India,NNC,1967,Asia,1,Minor Conflict,Intrastate,34,90
262,Laos,Laos,Government of Laos,Pathet Lao,1967,Asia,2,War,Internationalized Intrastate,34,90
263,Angola,Angola,Government of Portugal,"MPLA, UNITA",1967,Africa,1,Minor Conflict,Extrasystemic,-2,22
264,Myanmar,Myanmar (Burma),Government of Myanmar (Burma),SSA,1967,Asia,2,War,Intrastate,34,90
271,Iraq,Iraq,Government of Iraq,KDP,1967,Middle East,1,Minor Conflict,Intrastate,29,42
274,China,"China, India",Government of China,Government of India,1967,Asia,1,Minor Conflict,Interstate,34,90
275,Ethiopia,Ethiopia,Government of Ethiopia,ELF,1967,Africa,1,Minor Conflict,Intrastate,-2,22
279,Guinea-Bissau,Guinea-Bissau,Government of Portugal,PAIGC,1967,Africa,1,Minor Conflict,Extrasystemic,-2,22
282,Sudan,Sudan,Government of Sudan,SSLM,1967,Africa,2,War,Intrastate,-2,22
283,Democratic Republic of Congo,DR Congo (Zaire),Government of DR Congo (Zaire),Military Faction (Forces of Jean Schramme),1967,Africa,1,Minor Conflict,Intrastate,-2,22
285,Mozambique,Mozambique,Government of Portugal,Frelimo,1967,Africa,1,Minor Conflict,Extrasystemic,-2,22
286,South Yemen,South Yemen,Government of United Kingdom,FLOSY,1967,Middle East,1,Minor Conflict,Extrasystemic,29,42
288,Chad,Chad,Government of Chad,Frolinat,1967,Africa,1,Minor Conflict,Intrastate,-2,22
289,Colombia,Colombia,Government of Colombia,FARC,1967,Americas,1,Minor Conflict,Intrastate,-14,-60
291,Indonesia,Indonesia,Government of Indonesia,OPM,1967,Asia,1,Minor Conflict,Intrastate,34,90
293,South Vietnam,"South Vietnam, Vietnam (North Vietnam)",Government of South Vietnam,Government of Vietnam (North Vietnam),1967,Asia,2,War,Interstate,34,90
296,India,India,Government of India,MNF,1967,Asia,1,Minor Conflict,Intrastate,34,90
298,South Africa,South Africa,Government of South Africa,SWAPO,1967,Africa,1,Minor Conflict,Intrastate,-2,22
300,Cambodia (Kampuchea),Cambodia (Kampuchea),Government of Cambodia (Kampuchea),KR,1967,Asia,2,War,Intrastate,34,90
301,Israel,"Israel, Jordan",Government of Israel,Government of Jordan,1967,Middle East,2,War,Interstate,29,42
302,Israel,"Israel, Syria",Government of Israel,Government of Syria,1967,Middle East,2,War,Interstate,29,42
303,Nigeria,Nigeria,Government of Nigeria,Republic of Biafra,1967,Africa,2,War,Intrastate,-2,22
318,Zimbabwe (Rhodesia),Zimbabwe (Rhodesia),Government of Zimbabwe (Rhodesia),ZAPU,1967,Africa,1,Minor Conflict,Intrastate,-2,22
205,Iran,Iran,Government of Iran,KDPI,1968,Middle East,1,Minor Conflict,Intrastate,29,42
221,Myanmar,Myanmar (Burma),Government of Myanmar (Burma),"KNU, KNUP",1968,Asia,1,Minor Conflict,Intrastate,34,90
222,Myanmar,Myanmar (Burma),Government of Myanmar (Burma),CPB,1968,Asia,2,War,Intrastate,34,90
223,Myanmar,Myanmar (Burma),Government of Myanmar (Burma),"ANLP, CPA",1968,Asia,1,Minor Conflict,Intrastate,34,90
230,Yemen (North Yemen),Yemen (North Yemen),Government of Yemen (North Yemen),Royalists,1968,Middle East,1,Minor Conflict,Internationalized Intrastate,29,42
231,Myanmar,Myanmar (Burma),Government of Myanmar (Burma),KIO,1968,Asia,2,War,Intrastate,34,90
233,Guatemala,Guatemala,Government of Guatemala,FAR I,1968,Americas,1,Minor Conflict,Intrastate,-14,-60
234,Israel,Israel,Government of Israel,"Non PLO groups, PLO",1968,Middle East,1,Minor Conflict,Intrastate,29,42
251,India,India,Government of India,NNC,1968,Asia,1,Minor Conflict,Intrastate,34,90
262,Laos,Laos,Government of Laos,Pathet Lao,1968,Asia,2,War,Internationalized Intrastate,34,90
263,Angola,Angola,Government of Portugal,"FNLA, MPLA",1968,Africa,1,Minor Conflict,Extrasystemic,-2,22
264,Myanmar,Myanmar (Burma),Government of Myanmar (Burma),SSA,1968,Asia,2,War,Intrastate,34,90
271,Iraq,Iraq,Government of Iraq,KDP,1968,Middle East,1,Minor Conflict,Intrastate,29,42
275,Ethiopia,Ethiopia,Government of Ethiopia,ELF,1968,Africa,1,Minor Conflict,Intrastate,-2,22
279,Guinea-Bissau,Guinea-Bissau,Government of Portugal,PAIGC,1968,Africa,1,Minor Conflict,Extrasystemic,-2,22
282,Sudan,Sudan,Government of Sudan,SSLM,1968,Africa,2,War,Intrastate,-2,22
285,Mozambique,Mozambique,Government of Portugal,Frelimo,1968,Africa,1,Minor Conflict,Extrasystemic,-2,22
288,Chad,Chad,Government of Chad,Frolinat,1968,Africa,1,Minor Conflict,Intrastate,-2,22
289,Colombia,Colombia,Government of Colombia,FARC,1968,Americas,1,Minor Conflict,Intrastate,-14,-60
291,Indonesia,Indonesia,Government of Indonesia,OPM,1968,Asia,1,Minor Conflict,Intrastate,34,90
293,South Vietnam,"South Vietnam, Vietnam (North Vietnam)",Government of South Vietnam,Government of Vietnam (North Vietnam),1968,Asia,2,War,Interstate,34,90
296,India,India,Government of India,MNF,1968,Asia,1,Minor Conflict,Intrastate,34,90
298,South Africa,South Africa,Government of South Africa,SWAPO,1968,Africa,1,Minor Conflict,Intrastate,-2,22
300,Cambodia (Kampuchea),Cambodia (Kampuchea),Government of Cambodia (Kampuchea),KR,1968,Asia,1,Minor Conflict,Intrastate,34,90
303,Nigeria,Nigeria,Government of Nigeria,Republic of Biafra,1968,Africa,2,War,Intrastate,-2,22
318,Zimbabwe (Rhodesia),Zimbabwe (Rhodesia),Government of Zimbabwe (Rhodesia),ZAPU,1968,Africa,1,Minor Conflict,Intrastate,-2,22
11343,Egypt,"Egypt, Israel",Government of Egypt,Government of Israel,1969,Middle East,1,Minor Conflict,Interstate,29,42
209,Philippines,Philippines,Government of Philippines,CPP,1969,Asia,1,Minor Conflict,Intrastate,34,90
221,Myanmar,Myanmar (Burma),Government of Myanmar (Burma),"KNU, KNUP",1969,Asia,1,Minor Conflict,Intrastate,34,90
222,Myanmar,Myanmar (Burma),Government of Myanmar (Burma),CPB,1969,Asia,2,War,Intrastate,34,90
223,Myanmar,Myanmar (Burma),Government of Myanmar (Burma),"ANLP, CPA",1969,Asia,1,Minor Conflict,Intrastate,34,90
227,India,India,Government of India,CPI-ML,1969,Asia,1,Minor Conflict,Intrastate,34,90
230,Yemen (North Yemen),Yemen (North Yemen),Government of Yemen (North Yemen),Royalists,1969,Middle East,1,Minor Conflict,Internationalized Intrastate,29,42
231,Myanmar,Myanmar (Burma),Government of Myanmar (Burma),KIO,1969,Asia,2,War,Intrastate,34,90
233,Guatemala,Guatemala,Government of Guatemala,FAR I,1969,Americas,1,Minor Conflict,Intrastate,-14,-60
234,Israel,Israel,Government of Israel,"Non PLO groups, PLO",1969,Middle East,1,Minor Conflict,Intrastate,29,42
262,Laos,Laos,Government of Laos,Pathet Lao,1969,Asia,2,War,Internationalized Intrastate,34,90
263,Angola,Angola,Government of Portugal,"FNLA, MPLA",1969,Africa,1,Minor Conflict,Extrasystemic,-2,22
264,Myanmar,Myanmar (Burma),Government of Myanmar (Burma),"SSA, SSNLO, SURA",1969,Asia,2,War,Intrastate,34,90
271,Iraq,Iraq,Government of Iraq,KDP,1969,Middle East,2,War,Intrastate,29,42
275,Ethiopia,Ethiopia,Government of Ethiopia,ELF,1969,Africa,1,Minor Conflict,Intrastate,-2,22
279,Guinea-Bissau,Guinea-Bissau,Government of Portugal,PAIGC,1969,Africa,1,Minor Conflict,Extrasystemic,-2,22
282,Sudan,Sudan,Government of Sudan,SSLM,1969,Africa,2,War,Intrastate,-2,22
285,Mozambique,Mozambique,Government of Portugal,Frelimo,1969,Africa,1,Minor Conflict,Extrasystemic,-2,22
288,Chad,Chad,Government of Chad,Frolinat,1969,Africa,1,Minor Conflict,Internationalized Intrastate,-2,22
289,Colombia,Colombia,Government of Colombia,ELN,1969,Americas,1,Minor Conflict,Intrastate,-14,-60
291,Indonesia,Indonesia,Government of Indonesia,OPM,1969,Asia,1,Minor Conflict,Intrastate,34,90
293,South Vietnam,"South Vietnam, Vietnam (North Vietnam)",Government of South Vietnam,Government of Vietnam (North Vietnam),1969,Asia,2,War,Interstate,34,90
298,South Africa,South Africa,Government of South Africa,SWAPO,1969,Africa,1,Minor Conflict,Intrastate,-2,22
300,Cambodia (Kampuchea),Cambodia (Kampuchea),Government of Cambodia (Kampuchea),KR,1969,Asia,1,Minor Conflict,Intrastate,34,90
303,Nigeria,Nigeria,Government of Nigeria,Republic of Biafra,1969,Africa,2,War,Intrastate,-2,22
304,Myanmar,"China, Myanmar (Burma)",Government of China,Government of Myanmar (Burma),1969,Asia,1,Minor Conflict,Interstate,34,90
306,El Salvador,"El Salvador, Honduras",Government of El Salvador,Government of Honduras,1969,Americas,2,War,Interstate,-14,-60
317,Oman,Oman,Government of Oman,PFLO,1969,Middle East,1,Minor Conflict,Internationalized Intrastate,29,42
11343,Egypt,"Egypt, Israel",Government of Egypt,Government of Israel,1970,Middle East,1,Minor Conflict,Interstate,29,42
209,Philippines,Philippines,Government of Philippines,CPP,1970,Asia,1,Minor Conflict,Intrastate,34,90
221,Myanmar,Myanmar (Burma),Government of Myanmar (Burma),"KNU, KNUP",1970,Asia,1,Minor Conflict,Intrastate,34,90
222,Myanmar,Myanmar (Burma),Government of Myanmar (Burma),"CPB, CPB-RF",1970,Asia,2,War,Intrastate,34,90
223,Myanmar,Myanmar (Burma),Government of Myanmar (Burma),"ANLP, CPA",1970,Asia,1,Minor Conflict,Intrastate,34,90
227,India,India,Government of India,CPI-ML,1970,Asia,1,Minor Conflict,Intrastate,34,90
230,Yemen (North Yemen),Yemen (North Yemen),Government of Yemen (North Yemen),Royalists,1970,Middle East,1,Minor Conflict,Internationalized Intrastate,29,42
231,Myanmar,Myanmar (Burma),Government of Myanmar (Burma),KIO,1970,Asia,2,War,Intrastate,34,90
233,Guatemala,Guatemala,Government of Guatemala,"FAR I, FAR II",1970,Americas,1,Minor Conflict,Intrastate,-14,-60
234,Israel,Israel,Government of Israel,"Non PLO groups, PLO",1970,Middle East,1,Minor Conflict,Intrastate,29,42
262,Laos,Laos,Government of Laos,Pathet Lao,1970,Asia,2,War,Internationalized Intrastate,34,90
263,Angola,Angola,Government of Portugal,"FNLA, MPLA",1970,Africa,1,Minor Conflict,Extrasystemic,-2,22
264,Myanmar,Myanmar (Burma),Government of Myanmar (Burma),"SSA, SSNLO, SURA",1970,Asia,2,War,Intrastate,34,90
271,Iraq,Iraq,Government of Iraq,KDP,1970,Middle East,1,Minor Conflict,Intrastate,29,42
275,Ethiopia,Ethiopia,Government of Ethiopia,ELF,1970,Africa,1,Minor Conflict,Intrastate,-2,22
279,Guinea-Bissau,Guinea-Bissau,Government of Portugal,PAIGC,1970,Africa,1,Minor Conflict,Extrasystemic,-2,22
282,Sudan,Sudan,Government of Sudan,SSLM,1970,Africa,2,War,Intrastate,-2,22
285,Mozambique,Mozambique,Government of Portugal,Frelimo,1970,Africa,1,Minor Conflict,Extrasystemic,-2,22
288,Chad,Chad,Government of Chad,Frolinat,1970,Africa,1,Minor Conflict,Internationalized Intrastate,-2,22
289,Colombia,Colombia,Government of Colombia,ELN,1970,Americas,1,Minor Conflict,Intrastate,-14,-60
293,South Vietnam,"South Vietnam, Vietnam (North Vietnam)",Government of South Vietnam,Government of Vietnam (North Vietnam),1970,Asia,2,War,Interstate,34,90
298,South Africa,South Africa,Government of South Africa,SWAPO,1970,Africa,1,Minor Conflict,Intrastate,-2,22
300,Cambodia (Kampuchea),Cambodia (Kampuchea),Government of Cambodia (Kampuchea),KR,1970,Asia,2,War,Internationalized Intrastate,34,90
303,Nigeria,Nigeria,Government of Nigeria,Republic of Biafra,1970,Africa,2,War,Intrastate,-2,22
308,Philippines,Philippines,Government of Philippines,MIM,1970,Asia,1,Minor Conflict,Intrastate,34,90
317,Oman,Oman,Government of Oman,PFLO,1970,Middle East,1,Minor Conflict,Internationalized Intrastate,29,42
209,Philippines,Philippines,Government of Philippines,CPP,1971,Asia,1,Minor Conflict,Intrastate,34,90
218,India,"India, Pakistan",Government of India,Government of Pakistan,1971,Asia,2,War,Interstate,34,90
221,Myanmar,Myanmar (Burma),Government of Myanmar (Burma),"KNU, KNUP",1971,Asia,2,War,Intrastate,34,90
222,Myanmar,Myanmar (Burma),Government of Myanmar (Burma),CPB,1971,Asia,2,War,Intrastate,34,90
223,Myanmar,Myanmar (Burma),Government of Myanmar (Burma),"ANLP, CPA",1971,Asia,1,Minor Conflict,Intrastate,34,90
227,India,India,Government of India,CPI-ML,1971,Asia,1,Minor Conflict,Intrastate,34,90
231,Myanmar,Myanmar (Burma),Government of Myanmar (Burma),KIO,1971,Asia,2,War,Intrastate,34,90
233,Guatemala,Guatemala,Government of Guatemala,"FAR I, FAR II",1971,Americas,1,Minor Conflict,Intrastate,-14,-60
234,Israel,Israel,Government of Israel,"Non PLO groups, PLO",1971,Middle East,1,Minor Conflict,Intrastate,29,42
262,Laos,Laos,Government of Laos,Pathet Lao,1971,Asia,2,War,Internationalized Intrastate,34,90
263,Angola,Angola,Government of Portugal,"FNLA, MPLA",1971,Africa,1,Minor Conflict,Extrasystemic,-2,22
275,Ethiopia,Ethiopia,Government of Ethiopia,ELF,1971,Africa,1,Minor Conflict,Intrastate,-2,22
279,Guinea-Bissau,Guinea-Bissau,Government of Portugal,PAIGC,1971,Africa,1,Minor Conflict,Extrasystemic,-2,22
282,Sudan,Sudan,Government of Sudan,SSLM,1971,Africa,2,War,Intrastate,-2,22
285,Mozambique,Mozambique,Government of Portugal,Frelimo,1971,Africa,1,Minor Conflict,Extrasystemic,-2,22
288,Chad,Chad,Government of Chad,"First Liberation Army, Second Liberation Army",1971,Africa,1,Minor Conflict,Internationalized Intrastate,-2,22
289,Colombia,Colombia,Government of Colombia,FARC,1971,Americas,1,Minor Conflict,Intrastate,-14,-60
293,South Vietnam,"South Vietnam, Vietnam (North Vietnam)",Government of South Vietnam,Government of Vietnam (North Vietnam),1971,Asia,2,War,Interstate,34,90
298,South Africa,South Africa,Government of South Africa,SWAPO,1971,Africa,1,Minor Conflict,Intrastate,-2,22
300,Cambodia (Kampuchea),Cambodia (Kampuchea),Government of Cambodia (Kampuchea),KR,1971,Asia,2,War,Internationalized Intrastate,34,90
308,Philippines,Philippines,Government of Philippines,MIM,1971,Asia,1,Minor Conflict,Intrastate,34,90
309,Sudan,Sudan,Government of Sudan,Sudanese Communist Party,1971,Africa,1,Minor Conflict,Intrastate,-2,22
310,Madagascar (Malagasy),Madagascar (Malagasy),Government of Madagascar,Monima,1971,Africa,1,Minor Conflict,Intrastate,-2,22
311,Morocco,Morocco,Government of Morocco,Military faction (forces of Mohamed Madbouh),1971,Africa,1,Minor Conflict,Intrastate,-2,22
312,Pakistan,Pakistan,Government of Pakistan,Mukti Bahini,1971,Asia,2,War,Intrastate,34,90
313,Sri Lanka,Sri Lanka,Government of Sri Lanka,JVP,1971,Asia,2,War,Intrastate,34,90
314,Uganda,Uganda,Government of Uganda,Military faction (forces of Idi Amin),1971,Africa,1,Minor Conflict,Intrastate,-2,22
315,United Kingdom,United Kingdom,Government of United Kingdom,PIRA,1971,Europe,1,Minor Conflict,Intrastate,54,25
317,Oman,Oman,Government of Oman,PFLO,1971,Middle East,1,Minor Conflict,Internationalized Intrastate,29,42
209,Philippines,Philippines,Government of Philippines,CPP,1972,Asia,1,Minor Conflict,Intrastate,34,90
221,Myanmar,Myanmar (Burma),Government of Myanmar (Burma),"KNU, KNUP",1972,Asia,1,Minor Conflict,Intrastate,34,90
222,Myanmar,Myanmar (Burma),Government of Myanmar (Burma),CPB,1972,Asia,2,War,Intrastate,34,90
223,Myanmar,Myanmar (Burma),Government of Myanmar (Burma),"ANLP, CPA",1972,Asia,1,Minor Conflict,Intrastate,34,90
231,Myanmar,Myanmar (Burma),Government of Myanmar (Burma),KIO,1972,Asia,1,Minor Conflict,Intrastate,34,90
233,Guatemala,Guatemala,Government of Guatemala,"FAR I, FAR II",1972,Americas,1,Minor Conflict,Intrastate,-14,-60
234,Israel,Israel,Government of Israel,"Non PLO groups, PLO",1972,Middle East,1,Minor Conflict,Intrastate,29,42
262,Laos,Laos,Government of Laos,Pathet Lao,1972,Asia,2,War,Internationalized Intrastate,34,90
263,Angola,Angola,Government of Portugal,"FNLA, MPLA",1972,Africa,1,Minor Conflict,Extrasystemic,-2,22
264,Myanmar,Myanmar (Burma),Government of Myanmar (Burma),SSA,1972,Asia,1,Minor Conflict,Intrastate,34,90
275,Ethiopia,Ethiopia,Government of Ethiopia,ELF,1972,Africa,1,Minor Conflict,Intrastate,-2,22
279,Guinea-Bissau,Guinea-Bissau,Government of Portugal,PAIGC,1972,Africa,1,Minor Conflict,Extrasystemic,-2,22
282,Sudan,Sudan,Government of Sudan,SSLM,1972,Africa,2,War,Intrastate,-2,22
285,Mozambique,Mozambique,Government of Portugal,Frelimo,1972,Africa,2,War,Extrasystemic,-2,22
288,Chad,Chad,Government of Chad,First Liberation Army,1972,Africa,1,Minor Conflict,Internationalized Intrastate,-2,22
289,Colombia,Colombia,Government of Colombia,FARC,1972,Americas,1,Minor Conflict,Intrastate,-14,-60
293,South Vietnam,"South Vietnam, Vietnam (North Vietnam)",Government of South Vietnam,Government of Vietnam (North Vietnam),1972,Asia,2,War,Interstate,34,90
298,South Africa,South Africa,Government of South Africa,SWAPO,1972,Africa,1,Minor Conflict,Intrastate,-2,22
300,Cambodia (Kampuchea),Cambodia (Kampuchea),Government of Cambodia (Kampuchea),KR,1972,Asia,2,War,Internationalized Intrastate,34,90
308,Philippines,Philippines,Government of Philippines,MNLF,1972,Asia,1,Minor Conflict,Intrastate,34,90
314,Uganda,Uganda,Government of Uganda,Kikosi Maalum,1972,Africa,1,Minor Conflict,Intrastate,-2,22
315,United Kingdom,United Kingdom,Government of United Kingdom,PIRA,1972,Europe,1,Minor Conflict,Intrastate,54,25
316,El Salvador,El Salvador,Government of El Salvador,Military faction (forces of Benjamin Mejia),1972,Americas,1,Minor Conflict,Intrastate,-14,-60
317,Oman,Oman,Government of Oman,PFLO,1972,Middle East,1,Minor Conflict,Internationalized Intrastate,29,42
319,Uruguay,Uruguay,Government of Uruguay,MLN/Tupamaros,1972,Americas,1,Minor Conflict,Intrastate,-14,-60
320,South Yemen,"South Yemen, Yemen (North Yemen)",Government of South Yemen,Government of Yemen (North Yemen),1972,Middle East,1,Minor Conflict,Interstate,29,42
11343,Egypt,"Egypt, Israel",Government of Egypt,Government of Israel,1973,Middle East,2,War,Interstate,29,42
209,Philippines,Philippines,Government of Philippines,CPP,1973,Asia,1,Minor Conflict,Intrastate,34,90
221,Myanmar,Myanmar (Burma),Government of Myanmar (Burma),"KNU, KNUP",1973,Asia,1,Minor Conflict,Intrastate,34,90
222,Myanmar,Myanmar (Burma),Government of Myanmar (Burma),CPB,1973,Asia,2,War,Intrastate,34,90
223,Myanmar,Myanmar (Burma),Government of Myanmar (Burma),"CPA, RPF",1973,Asia,1,Minor Conflict,Intrastate,34,90
231,Myanmar,Myanmar (Burma),Government of Myanmar (Burma),KIO,1973,Asia,1,Minor Conflict,Intrastate,34,90
233,Guatemala,Guatemala,Government of Guatemala,"FAR I, FAR II",1973,Americas,1,Minor Conflict,Intrastate,-14,-60
234,Israel,Israel,Government of Israel,"Non PLO groups, PLO",1973,Middle East,1,Minor Conflict,Intrastate,29,42
262,Laos,Laos,Government of Laos,Pathet Lao,1973,Asia,2,War,Internationalized Intrastate,34,90
263,Angola,Angola,Government of Portugal,"FNLA, MPLA",1973,Africa,1,Minor Conflict,Extrasystemic,-2,22
264,Myanmar,Myanmar (Burma),Government of Myanmar (Burma),SSA,1973,Asia,1,Minor Conflict,Intrastate,34,90
271,Iraq,Iraq,Government of Iraq,KDP,1973,Middle East,1,Minor Conflict,Intrastate,29,42
275,Ethiopia,Ethiopia,Government of Ethiopia,"ELF, EPLF",1973,Africa,1,Minor Conflict,Intrastate,-2,22
279,Guinea-Bissau,Guinea-Bissau,Government of Portugal,PAIGC,1973,Africa,1,Minor Conflict,Extrasystemic,-2,22
285,Mozambique,Mozambique,Government of Portugal,Frelimo,1973,Africa,2,War,Extrasystemic,-2,22
289,Colombia,Colombia,Government of Colombia,ELN,1973,Americas,1,Minor Conflict,Intrastate,-14,-60
293,South Vietnam,"South Vietnam, Vietnam (North Vietnam)",Government of South Vietnam,Government of Vietnam (North Vietnam),1973,Asia,2,War,Interstate,34,90
298,South Africa,South Africa,Government of South Africa,SWAPO,1973,Africa,1,Minor Conflict,Intrastate,-2,22
300,Cambodia (Kampuchea),Cambodia (Kampuchea),Government of Cambodia (Kampuchea),KR,1973,Asia,2,War,Internationalized Intrastate,34,90
302,Israel,"Israel, Syria",Government of Israel,Government of Syria,1973,Middle East,2,War,Interstate,29,42
308,Philippines,Philippines,Government of Philippines,MNLF,1973,Asia,1,Minor Conflict,Intrastate,34,90
315,United Kingdom,United Kingdom,Government of United Kingdom,PIRA,1973,Europe,1,Minor Conflict,Intrastate,54,25
317,Oman,Oman,Government of Oman,PFLO,1973,Middle East,1,Minor Conflict,Internationalized Intrastate,29,42
318,Zimbabwe (Rhodesia),Zimbabwe (Rhodesia),Government of Zimbabwe (Rhodesia),"ZANU, ZAPU",1973,Africa,1,Minor Conflict,Intrastate,-2,22
321,Chile,Chile,Government of Chile,"Military faction (forces of Augusto Pinochet, Toribio Merino and Leigh Guzman)",1973,Americas,1,Minor Conflict,Intrastate,-14,-60
440,Myanmar,Myanmar (Burma),Government of Myanmar (Burma),LNUP,1973,Asia,1,Minor Conflict,Intrastate,34,90
209,Philippines,Philippines,Government of Philippines,CPP,1974,Asia,1,Minor Conflict,Intrastate,34,90
221,Myanmar,Myanmar (Burma),Government of Myanmar (Burma),"KNU, KNUP",1974,Asia,1,Minor Conflict,Intrastate,34,90
222,Myanmar,Myanmar (Burma),Government of Myanmar (Burma),CPB,1974,Asia,2,War,Intrastate,34,90
223,Myanmar,Myanmar (Burma),Government of Myanmar (Burma),RPF,1974,Asia,1,Minor Conflict,Intrastate,34,90
231,Myanmar,Myanmar (Burma),Government of Myanmar (Burma),KIO,1974,Asia,1,Minor Conflict,Intrastate,34,90
233,Guatemala,Guatemala,Government of Guatemala,"FAR I, FAR II",1974,Americas,1,Minor Conflict,Intrastate,-14,-60
234,Israel,Israel,Government of Israel,"PLO, Rejectionist Front",1974,Middle East,1,Minor Conflict,Intrastate,29,42
240,Thailand,Thailand,Government of Thailand,CPT,1974,Asia,1,Minor Conflict,Intrastate,34,90
247,Argentina,Argentina,Government of Argentina,ERP,1974,Americas,1,Minor Conflict,Intrastate,-14,-60
261,Malaysia,Malaysia,Government of Malaysia,CPM,1974,Asia,1,Minor Conflict,Intrastate,34,90
263,Angola,Angola,Government of Portugal,"FNLA, MPLA",1974,Africa,1,Minor Conflict,Extrasystemic,-2,22
271,Iraq,Iraq,Government of Iraq,KDP,1974,Middle East,2,War,Intrastate,29,42
275,Ethiopia,Ethiopia,Government of Ethiopia,ELF,1974,Africa,1,Minor Conflict,Intrastate,-2,22
285,Mozambique,Mozambique,Government of Portugal,Frelimo,1974,Africa,1,Minor Conflict,Extrasystemic,-2,22
289,Colombia,Colombia,Government of Colombia,FARC,1974,Americas,1,Minor Conflict,Intrastate,-14,-60
293,South Vietnam,"South Vietnam, Vietnam (North Vietnam)",Government of South Vietnam,Government of Vietnam (North Vietnam),1974,Asia,2,War,Interstate,34,90
298,South Africa,South Africa,Government of South Africa,SWAPO,1974,Africa,1,Minor Conflict,Intrastate,-2,22
300,Cambodia (Kampuchea),Cambodia (Kampuchea),Government of Cambodia (Kampuchea),KR,1974,Asia,2,War,Internationalized Intrastate,34,90
308,Philippines,Philippines,Government of Philippines,MNLF,1974,Asia,1,Minor Conflict,Intrastate,34,90
314,Uganda,Uganda,Government of Uganda,Military faction (forces of Charles Arube),1974,Africa,1,Minor Conflict,Intrastate,-2,22
315,United Kingdom,United Kingdom,Government of United Kingdom,PIRA,1974,Europe,1,Minor Conflict,Intrastate,54,25
317,Oman,Oman,Government of Oman,PFLO,1974,Middle East,1,Minor Conflict,Internationalized Intrastate,29,42
318,Zimbabwe (Rhodesia),Zimbabwe (Rhodesia),Government of Zimbabwe (Rhodesia),"ZANU, ZAPU",1974,Africa,1,Minor Conflict,Intrastate,-2,22
324,Iran,"Iran, Iraq",Government of Iran,Government of Iraq,1974,Middle East,1,Minor Conflict,Interstate,29,42
325,Pakistan,Pakistan,Government of Pakistan,BLF,1974,Asia,2,War,Intrastate,34,90
334,China,"China, Vietnam (North Vietnam)",Government of China,Government of Vietnam (North Vietnam),1974,Asia,1,Minor Conflict,Interstate,34,90
440,Myanmar,Myanmar (Burma),Government of Myanmar (Burma),LNUP,1974,Asia,1,Minor Conflict,Intrastate,34,90
209,Philippines,Philippines,Government of Philippines,CPP,1975,Asia,1,Minor Conflict,Intrastate,34,90
221,Myanmar,Myanmar (Burma),Government of Myanmar (Burma),"KNU, KNUP",1975,Asia,1,Minor Conflict,Intrastate,34,90
222,Myanmar,Myanmar (Burma),Government of Myanmar (Burma),CPB,1975,Asia,2,War,Intrastate,34,90
223,Myanmar,Myanmar (Burma),Government of Myanmar (Burma),RPF,1975,Asia,1,Minor Conflict,Intrastate,34,90
231,Myanmar,Myanmar (Burma),Government of Myanmar (Burma),KIO,1975,Asia,1,Minor Conflict,Intrastate,34,90
233,Guatemala,Guatemala,Government of Guatemala,"EGP, FAR II",1975,Americas,1,Minor Conflict,Intrastate,-14,-60
234,Israel,Israel,Government of Israel,"PLO, Rejectionist Front",1975,Middle East,1,Minor Conflict,Intrastate,29,42
240,Thailand,Thailand,Government of Thailand,CPT,1975,Asia,1,Minor Conflict,Intrastate,34,90
247,Argentina,Argentina,Government of Argentina,"ERP, Montoneros",1975,Americas,1,Minor Conflict,Intrastate,-14,-60
260,Lebanon,Lebanon,Government of Lebanon,NSF,1975,Middle East,1,Minor Conflict,Intrastate,29,42
261,Malaysia,Malaysia,Government of Malaysia,CPM,1975,Asia,1,Minor Conflict,Intrastate,34,90
271,Iraq,Iraq,Government of Iraq,KDP,1975,Middle East,2,War,Intrastate,29,42
275,Ethiopia,Ethiopia,Government of Ethiopia,"ELF, EPLF",1975,Africa,2,War,Intrastate,-2,22
289,Colombia,Colombia,Government of Colombia,FARC,1975,Americas,1,Minor Conflict,Intrastate,-14,-60
293,South Vietnam,"South Vietnam, Vietnam (North Vietnam)",Government of South Vietnam,Government of Vietnam (North Vietnam),1975,Asia,2,War,Interstate,34,90
298,South Africa,South Africa,Government of South Africa,SWAPO,1975,Africa,1,Minor Conflict,Intrastate,-2,22
300,Cambodia (Kampuchea),Cambodia (Kampuchea),Government of Cambodia (Kampuchea),KR,1975,Asia,2,War,Internationalized Intrastate,34,90
308,Philippines,Philippines,Government of Philippines,MNLF,1975,Asia,1,Minor Conflict,Intrastate,34,90
315,United Kingdom,United Kingdom,Government of United Kingdom,PIRA,1975,Europe,1,Minor Conflict,Intrastate,54,25
317,Oman,Oman,Government of Oman,PFLO,1975,Middle East,1,Minor Conflict,Internationalized Intrastate,29,42
318,Zimbabwe (Rhodesia),Zimbabwe (Rhodesia),Government of Zimbabwe (Rhodesia),ZANU,1975,Africa,1,Minor Conflict,Internationalized Intrastate,-2,22
322,Bangladesh,Bangladesh,Government of Bangladesh,PCJSS,1975,Asia,1,Minor Conflict,Intrastate,34,90
325,Pakistan,Pakistan,Government of Pakistan,BLF,1975,Asia,1,Minor Conflict,Intrastate,34,90
327,Angola,Angola,Government of Angola,"FNLA, UNITA",1975,Africa,2,War,Internationalized Intrastate,-2,22
328,Cambodia (Kampuchea),"Cambodia (Kampuchea), Vietnam (North Vietnam)",Government of Cambodia (Kampuchea),Government of Vietnam (North Vietnam),1975,Asia,1,Minor Conflict,Interstate,34,90
330,Indonesia,Indonesia,Government of Indonesia,CNRT,1975,Asia,2,War,Intrastate,34,90
331,Morocco,Morocco,Government of Morocco,POLISARIO,1975,Africa,1,Minor Conflict,Intrastate,-2,22
363,Ethiopia,Ethiopia,Government of Ethiopia,ALF,1975,Africa,1,Minor Conflict,Intrastate,-2,22
428,Mauritania,Mauritania,Government of Mauritania,POLISARIO,1975,Africa,1,Minor Conflict,Intrastate,-2,22
440,Myanmar,Myanmar (Burma),Government of Myanmar (Burma),LNUP,1975,Asia,1,Minor Conflict,Intrastate,34,90
209,Philippines,Philippines,Government of Philippines,CPP,1976,Asia,1,Minor Conflict,Intrastate,34,90
221,Myanmar,Myanmar (Burma),Government of Myanmar (Burma),KNU,1976,Asia,1,Minor Conflict,Intrastate,34,90
222,Myanmar,Myanmar (Burma),Government of Myanmar (Burma),CPB,1976,Asia,2,War,Intrastate,34,90
223,Myanmar,Myanmar (Burma),Government of Myanmar (Burma),RPF,1976,Asia,1,Minor Conflict,Intrastate,34,90
231,Myanmar,Myanmar (Burma),Government of Myanmar (Burma),KIO,1976,Asia,1,Minor Conflict,Intrastate,34,90
233,Guatemala,Guatemala,Government of Guatemala,"EGP, FAR II",1976,Americas,1,Minor Conflict,Intrastate,-14,-60
234,Israel,Israel,Government of Israel,"PLO, Rejectionist Front",1976,Middle East,1,Minor Conflict,Intrastate,29,42
240,Thailand,Thailand,Government of Thailand,CPT,1976,Asia,1,Minor Conflict,Intrastate,34,90
247,Argentina,Argentina,Government of Argentina,"ERP, Montoneros",1976,Americas,1,Minor Conflict,Intrastate,-14,-60
260,Lebanon,Lebanon,Government of Lebanon,"LAA, NSF",1976,Middle East,2,War,Intrastate,29,42
264,Myanmar,Myanmar (Burma),Government of Myanmar (Burma),"SSRA, SURA",1976,Asia,1,Minor Conflict,Intrastate,34,90
267,Ethiopia,Ethiopia,Government of Ethiopia,"EPRP, TPLF",1976,Africa,2,War,Intrastate,-2,22
271,Iraq,Iraq,Government of Iraq,PUK,1976,Middle East,1,Minor Conflict,Intrastate,29,42
275,Ethiopia,Ethiopia,Government of Ethiopia,"ELF, EPLF",1976,Africa,2,War,Intrastate,-2,22
288,Chad,Chad,Government of Chad,FAN,1976,Africa,1,Minor Conflict,Intrastate,-2,22
289,Colombia,Colombia,Government of Colombia,FARC,1976,Americas,1,Minor Conflict,Intrastate,-14,-60
291,Indonesia,Indonesia,Government of Indonesia,OPM,1976,Asia,2,War,Intrastate,34,90
298,South Africa,South Africa,Government of South Africa,SWAPO,1976,Africa,1,Minor Conflict,Intrastate,-2,22
308,Philippines,Philippines,Government of Philippines,MNLF,1976,Asia,1,Minor Conflict,Intrastate,34,90
309,Sudan,Sudan,Government of Sudan,National Front,1976,Africa,1,Minor Conflict,Intrastate,-2,22
315,United Kingdom,United Kingdom,Government of United Kingdom,PIRA,1976,Europe,1,Minor Conflict,Intrastate,54,25
318,Zimbabwe (Rhodesia),Zimbabwe (Rhodesia),Government of Zimbabwe (Rhodesia),"PF, ZANU",1976,Africa,2,War,Intrastate,-2,22
322,Bangladesh,Bangladesh,Government of Bangladesh,PCJSS,1976,Asia,1,Minor Conflict,Intrastate,34,90
325,Pakistan,Pakistan,Government of Pakistan,BLF,1976,Asia,1,Minor Conflict,Intrastate,34,90
327,Angola,Angola,Government of Angola,"FNLA, UNITA",1976,Africa,2,War,Internationalized Intrastate,-2,22
328,Cambodia (Kampuchea),"Cambodia (Kampuchea), Vietnam (North Vietnam)",Government of Cambodia (Kampuchea),Government of Vietnam (North Vietnam),1976,Asia,1,Minor Conflict,Interstate,34,90
329,Ethiopia,Ethiopia,Government of Ethiopia,WSLF,1976,Africa,1,Minor Conflict,Intrastate,-2,22
330,Indonesia,Indonesia,Government of Indonesia,CNRT,1976,Asia,2,War,Intrastate,34,90
331,Morocco,Morocco,Government of Morocco,POLISARIO,1976,Africa,1,Minor Conflict,Internationalized Intrastate,-2,22
363,Ethiopia,Ethiopia,Government of Ethiopia,ALF,1976,Africa,1,Minor Conflict,Intrastate,-2,22
428,Mauritania,Mauritania,Government of Mauritania,POLISARIO,1976,Africa,1,Minor Conflict,Intrastate,-2,22
440,Myanmar,Myanmar (Burma),Government of Myanmar (Burma),LNUP,1976,Asia,1,Minor Conflict,Intrastate,34,90
209,Philippines,Philippines,Government of Philippines,CPP,1977,Asia,1,Minor Conflict,Intrastate,34,90
221,Myanmar,Myanmar (Burma),Government of Myanmar (Burma),KNU,1977,Asia,1,Minor Conflict,Intrastate,34,90
222,Myanmar,Myanmar (Burma),Government of Myanmar (Burma),CPB,1977,Asia,2,War,Intrastate,34,90
223,Myanmar,Myanmar (Burma),Government of Myanmar (Burma),"ALP, RPF",1977,Asia,1,Minor Conflict,Intrastate,34,90
231,Myanmar,Myanmar (Burma),Government of Myanmar (Burma),KIO,1977,Asia,1,Minor Conflict,Intrastate,34,90
233,Guatemala,Guatemala,Government of Guatemala,"EGP, FAR II",1977,Americas,1,Minor Conflict,Intrastate,-14,-60
234,Israel,Israel,Government of Israel,"PLO, Rejectionist Front",1977,Middle East,1,Minor Conflict,Intrastate,29,42
240,Thailand,Thailand,Government of Thailand,CPT,1977,Asia,1,Minor Conflict,Intrastate,34,90
247,Argentina,Argentina,Government of Argentina,"ERP, Montoneros",1977,Americas,1,Minor Conflict,Intrastate,-14,-60
264,Myanmar,Myanmar (Burma),Government of Myanmar (Burma),SURA,1977,Asia,1,Minor Conflict,Intrastate,34,90
267,Ethiopia,Ethiopia,Government of Ethiopia,"EDU, EPRP",1977,Africa,1,Minor Conflict,Intrastate,-2,22
268,Ethiopia,"Ethiopia, Somalia",Government of Ethiopia,Government of Somalia,1977,Africa,2,War,Interstate,-2,22
271,Iraq,Iraq,Government of Iraq,"KDP-QM, PUK",1977,Middle East,1,Minor Conflict,Intrastate,29,42
275,Ethiopia,Ethiopia,Government of Ethiopia,"ELF, EPLF",1977,Africa,2,War,Internationalized Intrastate,-2,22
283,Democratic Republic of Congo,DR Congo (Zaire),Government of DR Congo (Zaire),FLNC,1977,Africa,1,Minor Conflict,Internationalized Intrastate,-2,22
288,Chad,Chad,Government of Chad,"FAN, FAP",1977,Africa,1,Minor Conflict,Intrastate,-2,22
289,Colombia,Colombia,Government of Colombia,FARC,1977,Americas,1,Minor Conflict,Intrastate,-14,-60
291,Indonesia,Indonesia,Government of Indonesia,OPM,1977,Asia,2,War,Intrastate,34,90
294,Cambodia (Kampuchea),"Cambodia (Kampuchea), Thailand",Government of Cambodia (Kampuchea),Government of Thailand,1977,Asia,1,Minor Conflict,Interstate,34,90
298,South Africa,South Africa,Government of South Africa,SWAPO,1977,Africa,1,Minor Conflict,Intrastate,-2,22
308,Philippines,Philippines,Government of Philippines,MNLF,1977,Asia,1,Minor Conflict,Intrastate,34,90
315,United Kingdom,United Kingdom,Government of United Kingdom,PIRA,1977,Europe,1,Minor Conflict,Intrastate,54,25
318,Zimbabwe (Rhodesia),Zimbabwe (Rhodesia),Government of Zimbabwe (Rhodesia),PF,1977,Africa,2,War,Intrastate,-2,22
322,Bangladesh,Bangladesh,Government of Bangladesh,PCJSS,1977,Asia,1,Minor Conflict,Intrastate,34,90
325,Pakistan,Pakistan,Government of Pakistan,BLF,1977,Asia,1,Minor Conflict,Intrastate,34,90
327,Angola,Angola,Government of Angola,"FNLA, UNITA",1977,Africa,2,War,Internationalized Intrastate,-2,22
328,Cambodia (Kampuchea),"Cambodia (Kampuchea), Vietnam (North Vietnam)",Government of Cambodia (Kampuchea),Government of Vietnam (North Vietnam),1977,Asia,1,Minor Conflict,Interstate,34,90
329,Ethiopia,Ethiopia,Government of Ethiopia,WSLF,1977,Africa,2,War,Internationalized Intrastate,-2,22
330,Indonesia,Indonesia,Government of Indonesia,CNRT,1977,Asia,2,War,Intrastate,34,90
331,Morocco,Morocco,Government of Morocco,POLISARIO,1977,Africa,1,Minor Conflict,Intrastate,-2,22
332,Mozambique,Mozambique,Government of Mozambique,Renamo,1977,Africa,1,Minor Conflict,Intrastate,-2,22
336,Nicaragua,Nicaragua,Government of Nicaragua,FSLN,1977,Americas,1,Minor Conflict,Intrastate,-14,-60
413,Ethiopia,Ethiopia,Government of Ethiopia,OLF,1977,Africa,1,Minor Conflict,Intrastate,-2,22
428,Mauritania,Mauritania,Government of Mauritania,POLISARIO,1977,Africa,1,Minor Conflict,Intrastate,-2,22
436,Ethiopia,Ethiopia,Government of Ethiopia,SALF,1977,Africa,1,Minor Conflict,Intrastate,-2,22
440,Myanmar,Myanmar (Burma),Government of Myanmar (Burma),LNUP,1977,Asia,1,Minor Conflict,Intrastate,34,90
209,Philippines,Philippines,Government of Philippines,CPP,1978,Asia,1,Minor Conflict,Intrastate,34,90
221,Myanmar,Myanmar (Burma),Government of Myanmar (Burma),KNU,1978,Asia,1,Minor Conflict,Intrastate,34,90
222,Myanmar,Myanmar (Burma),Government of Myanmar (Burma),CPB,1978,Asia,2,War,Intrastate,34,90
223,Myanmar,Myanmar (Burma),Government of Myanmar (Burma),RPF,1978,Asia,1,Minor Conflict,Intrastate,34,90
231,Myanmar,Myanmar (Burma),Government of Myanmar (Burma),KIO,1978,Asia,1,Minor Conflict,Intrastate,34,90
233,Guatemala,Guatemala,Government of Guatemala,"EGP, FAR II",1978,Americas,1,Minor Conflict,Intrastate,-14,-60
234,Israel,Israel,Government of Israel,"PLO, Rejectionist Front",1978,Middle East,1,Minor Conflict,Intrastate,29,42
240,Thailand,Thailand,Government of Thailand,CPT,1978,Asia,1,Minor Conflict,Intrastate,34,90
264,Myanmar,Myanmar (Burma),Government of Myanmar (Burma),SURA,1978,Asia,1,Minor Conflict,Intrastate,34,90
267,Ethiopia,Ethiopia,Government of Ethiopia,"EDU, TPLF",1978,Africa,1,Minor Conflict,Intrastate,-2,22
268,Ethiopia,"Ethiopia, Somalia",Government of Ethiopia,Government of Somalia,1978,Africa,2,War,Interstate,-2,22
271,Iraq,Iraq,Government of Iraq,"KDP-QM, PUK",1978,Middle East,1,Minor Conflict,Intrastate,29,42
275,Ethiopia,Ethiopia,Government of Ethiopia,"ELF, EPLF",1978,Africa,2,War,Internationalized Intrastate,-2,22
283,Democratic Republic of Congo,DR Congo (Zaire),Government of DR Congo (Zaire),FLNC,1978,Africa,1,Minor Conflict,Intrastate,-2,22
288,Chad,Chad,Government of Chad,FAP,1978,Africa,2,War,Internationalized Intrastate,-2,22
289,Colombia,Colombia,Government of Colombia,"FARC, M-19",1978,Americas,1,Minor Conflict,Intrastate,-14,-60
291,Indonesia,Indonesia,Government of Indonesia,OPM,1978,Asia,2,War,Intrastate,34,90
294,Cambodia (Kampuchea),"Cambodia (Kampuchea), Thailand",Government of Cambodia (Kampuchea),Government of Thailand,1978,Asia,1,Minor Conflict,Interstate,34,90
298,South Africa,South Africa,Government of South Africa,SWAPO,1978,Africa,2,War,Intrastate,-2,22
300,Cambodia (Kampuchea),Cambodia (Kampuchea),Government of Cambodia (Kampuchea),KNUFNS,1978,Asia,2,War,Internationalized Intrastate,34,90
308,Philippines,Philippines,Government of Philippines,MNLF,1978,Asia,2,War,Intrastate,34,90
315,United Kingdom,United Kingdom,Government of United Kingdom,PIRA,1978,Europe,1,Minor Conflict,Intrastate,54,25
318,Zimbabwe (Rhodesia),Zimbabwe (Rhodesia),Government of Zimbabwe (Rhodesia),PF,1978,Africa,2,War,Intrastate,-2,22
322,Bangladesh,Bangladesh,Government of Bangladesh,PCJSS,1978,Asia,1,Minor Conflict,Intrastate,34,90
327,Angola,Angola,Government of Angola,"FNLA, UNITA",1978,Africa,2,War,Internationalized Intrastate,-2,22
329,Ethiopia,Ethiopia,Government of Ethiopia,WSLF,1978,Africa,2,War,Internationalized Intrastate,-2,22
330,Indonesia,Indonesia,Government of Indonesia,CNRT,1978,Asia,2,War,Intrastate,34,90
331,Morocco,Morocco,Government of Morocco,POLISARIO,1978,Africa,1,Minor Conflict,Intrastate,-2,22
332,Mozambique,Mozambique,Government of Mozambique,Renamo,1978,Africa,1,Minor Conflict,Intrastate,-2,22
333,Afghanistan,Afghanistan,Government of Afghanistan,PDPA,1978,Asia,2,War,Intrastate,34,90
334,China,"China, Vietnam (North Vietnam)",Government of China,Government of Vietnam (North Vietnam),1978,Asia,1,Minor Conflict,Interstate,34,90
336,Nicaragua,Nicaragua,Government of Nicaragua,FSLN,1978,Americas,2,War,Intrastate,-14,-60
342,Spain,Spain,Government of Spain,ETA,1978,Europe,1,Minor Conflict,Intrastate,54,25
413,Ethiopia,Ethiopia,Government of Ethiopia,OLF,1978,Africa,1,Minor Conflict,Intrastate,-2,22
427,Tanzania,"Tanzania, Uganda",Government of Tanzania,Government of Uganda,1978,Africa,1,Minor Conflict,Interstate,-2,22
428,Mauritania,Mauritania,Government of Mauritania,POLISARIO,1978,Africa,1,Minor Conflict,Intrastate,-2,22
436,Ethiopia,Ethiopia,Government of Ethiopia,SALF,1978,Africa,1,Minor Conflict,Intrastate,-2,22
440,Myanmar,Myanmar (Burma),Government of Myanmar (Burma),LNUP,1978,Asia,1,Minor Conflict,Intrastate,34,90
205,Iran,Iran,Government of Iran,KDPI,1979,Middle East,2,War,Intrastate,29,42
209,Philippines,Philippines,Government of Philippines,CPP,1979,Asia,1,Minor Conflict,Intrastate,34,90
221,Myanmar,Myanmar (Burma),Government of Myanmar (Burma),KNU,1979,Asia,1,Minor Conflict,Intrastate,34,90
222,Myanmar,Myanmar (Burma),Government of Myanmar (Burma),CPB,1979,Asia,2,War,Intrastate,34,90
230,Yemen (North Yemen),Yemen (North Yemen),Government of Yemen (North Yemen),NDF,1979,Middle East,1,Minor Conflict,Intrastate,29,42
231,Myanmar,Myanmar (Burma),Government of Myanmar (Burma),KIO,1979,Asia,1,Minor Conflict,Intrastate,34,90
233,Guatemala,Guatemala,Government of Guatemala,"EGP, FAR II, ORPA",1979,Americas,1,Minor Conflict,Intrastate,-14,-60
234,Israel,Israel,Government of Israel,"PLO, Rejectionist Front",1979,Middle East,1,Minor Conflict,Intrastate,29,42
240,Thailand,Thailand,Government of Thailand,CPT,1979,Asia,1,Minor Conflict,Intrastate,34,90
264,Myanmar,Myanmar (Burma),Government of Myanmar (Burma),SURA,1979,Asia,1,Minor Conflict,Intrastate,34,90
267,Ethiopia,Ethiopia,Government of Ethiopia,TPLF,1979,Africa,1,Minor Conflict,Intrastate,-2,22
271,Iraq,Iraq,Government of Iraq,KDP,1979,Middle East,1,Minor Conflict,Intrastate,29,42
275,Ethiopia,Ethiopia,Government of Ethiopia,"ELF, EPLF",1979,Africa,2,War,Intrastate,-2,22
288,Chad,Chad,Government of Chad,"FAN, FAP",1979,Africa,2,War,Intrastate,-2,22
289,Colombia,Colombia,Government of Colombia,"FARC, M-19",1979,Americas,1,Minor Conflict,Intrastate,-14,-60
298,South Africa,South Africa,Government of South Africa,SWAPO,1979,Africa,1,Minor Conflict,Intrastate,-2,22
299,Syria,Syria,Government of Syria,Muslim Brotherhood,1979,Middle East,1,Minor Conflict,Intrastate,29,42
300,Cambodia (Kampuchea),Cambodia (Kampuchea),Government of Cambodia (Kampuchea),"KNUFNS, KPNLF, KR",1979,Asia,1,Minor Conflict,Internationalized Intrastate,34,90
308,Philippines,Philippines,Government of Philippines,MNLF,1979,Asia,1,Minor Conflict,Intrastate,34,90
314,Uganda,Uganda,Government of Uganda,"Fronasa, Kikosi Maalum, UNLF",1979,Africa,1,Minor Conflict,Internationalized Intrastate,-2,22
315,United Kingdom,United Kingdom,Government of United Kingdom,PIRA,1979,Europe,1,Minor Conflict,Intrastate,54,25
316,El Salvador,El Salvador,Government of El Salvador,"ERP, FPL",1979,Americas,1,Minor Conflict,Intrastate,-14,-60
318,Zimbabwe (Rhodesia),Zimbabwe (Rhodesia),Government of Zimbabwe (Rhodesia),PF,1979,Africa,2,War,Intrastate,-2,22
320,South Yemen,"South Yemen, Yemen (North Yemen)",Government of South Yemen,Government of Yemen (North Yemen),1979,Middle East,1,Minor Conflict,Interstate,29,42
322,Bangladesh,Bangladesh,Government of Bangladesh,PCJSS,1979,Asia,1,Minor Conflict,Intrastate,34,90
327,Angola,Angola,Government of Angola,"FNLA, UNITA",1979,Africa,2,War,Internationalized Intrastate,-2,22
329,Ethiopia,Ethiopia,Government of Ethiopia,WSLF,1979,Africa,1,Minor Conflict,Internationalized Intrastate,-2,22
330,Indonesia,Indonesia,Government of Indonesia,CNRT,1979,Asia,1,Minor Conflict,Intrastate,34,90
331,Morocco,Morocco,Government of Morocco,POLISARIO,1979,Africa,2,War,Intrastate,-2,22
332,Mozambique,Mozambique,Government of Mozambique,Renamo,1979,Africa,1,Minor Conflict,Intrastate,-2,22
333,Afghanistan,Afghanistan,Government of Afghanistan,Jam'iyyat-i Islami-yi Afghanistan,1979,Asia,2,War,Intrastate,34,90
334,China,"China, Vietnam (North Vietnam)",Government of China,Government of Vietnam (North Vietnam),1979,Asia,2,War,Interstate,34,90
335,India,India,Government of India,TNV,1979,Asia,1,Minor Conflict,Intrastate,34,90
336,Nicaragua,Nicaragua,Government of Nicaragua,FSLN,1979,Americas,2,War,Intrastate,-14,-60
338,Iran,Iran,Government of Iran,MEK,1979,Middle East,1,Minor Conflict,Intrastate,29,42
339,Iran,Iran,Government of Iran,APCO,1979,Middle East,1,Minor Conflict,Intrastate,29,42
340,Saudi Arabia,Saudi Arabia,Government of Saudi Arabia,JSM,1979,Middle East,1,Minor Conflict,Intrastate,29,42
342,Spain,Spain,Government of Spain,ETA,1979,Europe,1,Minor Conflict,Intrastate,54,25
436,Ethiopia,Ethiopia,Government of Ethiopia,SALF,1979,Africa,1,Minor Conflict,Intrastate,-2,22
440,Myanmar,Myanmar (Burma),Government of Myanmar (Burma),LNUP,1979,Asia,1,Minor Conflict,Intrastate,34,90
205,Iran,Iran,Government of Iran,KDPI,1980,Middle East,2,War,Intrastate,29,42
209,Philippines,Philippines,Government of Philippines,CPP,1980,Asia,1,Minor Conflict,Intrastate,34,90
221,Myanmar,Myanmar (Burma),Government of Myanmar (Burma),KNU,1980,Asia,1,Minor Conflict,Intrastate,34,90
222,Myanmar,Myanmar (Burma),Government of Myanmar (Burma),CPB,1980,Asia,2,War,Intrastate,34,90
230,Yemen (North Yemen),Yemen (North Yemen),Government of Yemen (North Yemen),NDF,1980,Middle East,1,Minor Conflict,Intrastate,29,42
231,Myanmar,Myanmar (Burma),Government of Myanmar (Burma),KIO,1980,Asia,1,Minor Conflict,Intrastate,34,90
233,Guatemala,Guatemala,Government of Guatemala,"EGP, FAR II, ORPA",1980,Americas,1,Minor Conflict,Intrastate,-14,-60
234,Israel,Israel,Government of Israel,"PLO, Rejectionist Front",1980,Middle East,1,Minor Conflict,Intrastate,29,42
240,Thailand,Thailand,Government of Thailand,CPT,1980,Asia,1,Minor Conflict,Intrastate,34,90
264,Myanmar,Myanmar (Burma),Government of Myanmar (Burma),SURA,1980,Asia,1,Minor Conflict,Intrastate,34,90
267,Ethiopia,Ethiopia,Government of Ethiopia,TPLF,1980,Africa,2,War,Intrastate,-2,22
268,Ethiopia,"Ethiopia, Somalia",Government of Ethiopia,Government of Somalia,1980,Africa,1,Minor Conflict,Interstate,-2,22
271,Iraq,Iraq,Government of Iraq,"KDP, PUK",1980,Middle East,1,Minor Conflict,Intrastate,29,42
275,Ethiopia,Ethiopia,Government of Ethiopia,"ELF, EPLF",1980,Africa,1,Minor Conflict,Intrastate,-2,22
288,Chad,Chad,Government of Chad,FAN,1980,Africa,2,War,Internationalized Intrastate,-2,22
289,Colombia,Colombia,Government of Colombia,FARC,1980,Americas,1,Minor Conflict,Intrastate,-14,-60
298,South Africa,South Africa,Government of South Africa,SWAPO,1980,Africa,2,War,Intrastate,-2,22
299,Syria,Syria,Government of Syria,Muslim Brotherhood,1980,Middle East,1,Minor Conflict,Intrastate,29,42
300,Cambodia (Kampuchea),Cambodia (Kampuchea),Government of Cambodia (Kampuchea),"KPNLF, KR",1980,Asia,1,Minor Conflict,Internationalized Intrastate,34,90
308,Philippines,Philippines,Government of Philippines,MNLF,1980,Asia,1,Minor Conflict,Intrastate,34,90
314,Uganda,Uganda,Government of Uganda,FUNA,1980,Africa,1,Minor Conflict,Internationalized Intrastate,-2,22
315,United Kingdom,United Kingdom,Government of United Kingdom,PIRA,1980,Europe,1,Minor Conflict,Intrastate,54,25
316,El Salvador,El Salvador,Government of El Salvador,FMLN,1980,Americas,1,Minor Conflict,Intrastate,-14,-60
322,Bangladesh,Bangladesh,Government of Bangladesh,PCJSS,1980,Asia,1,Minor Conflict,Intrastate,34,90
324,Iran,"Iran, Iraq",Government of Iran,Government of Iraq,1980,Middle East,2,War,Interstate,29,42
327,Angola,Angola,Government of Angola,UNITA,1980,Africa,2,War,Internationalized Intrastate,-2,22
329,Ethiopia,Ethiopia,Government of Ethiopia,WSLF,1980,Africa,1,Minor Conflict,Internationalized Intrastate,-2,22
330,Indonesia,Indonesia,Government of Indonesia,CNRT,1980,Asia,1,Minor Conflict,Intrastate,34,90
331,Morocco,Morocco,Government of Morocco,POLISARIO,1980,Africa,2,War,Intrastate,-2,22
332,Mozambique,Mozambique,Government of Mozambique,Renamo,1980,Africa,1,Minor Conflict,Intrastate,-2,22
333,Afghanistan,Afghanistan,Government of Afghanistan,"Harakat-i Inqilab-i Islami-yi Afghanistan , Hizb-i Islami-yi Afghanistan, Hizb-i Islami-yi Afghanistan - Khalis faction, Jabha-yi Nijat-i Milli-yi Afghanistan , Jam'iyyat-i Islami-yi Afghanistan, Mahaz-i Milli-yi Islami-yi Afghanistan",1980,Asia,2,War,Internationalized Intrastate,34,90
334,China,"China, Vietnam (North Vietnam)",Government of China,Government of Vietnam (North Vietnam),1980,Asia,1,Minor Conflict,Interstate,34,90
335,India,India,Government of India,TNV,1980,Asia,1,Minor Conflict,Intrastate,34,90
338,Iran,Iran,Government of Iran,MEK,1980,Middle East,1,Minor Conflict,Intrastate,29,42
339,Iran,Iran,Government of Iran,APCO,1980,Middle East,1,Minor Conflict,Intrastate,29,42
341,Liberia,Liberia,Government of Liberia,Military faction (forces of Samuel Doe),1980,Africa,1,Minor Conflict,Intrastate,-2,22
342,Spain,Spain,Government of Spain,ETA,1980,Europe,1,Minor Conflict,Intrastate,54,25
343,Tunisia,Tunisia,Government of Tunisia,Résistance Armée Tunisienne,1980,Africa,1,Minor Conflict,Intrastate,-2,22
413,Ethiopia,Ethiopia,Government of Ethiopia,OLF,1980,Africa,1,Minor Conflict,Internationalized Intrastate,-2,22
436,Ethiopia,Ethiopia,Government of Ethiopia,SALF,1980,Africa,1,Minor Conflict,Internationalized Intrastate,-2,22
440,Myanmar,Myanmar (Burma),Government of Myanmar (Burma),LNUP,1980,Asia,1,Minor Conflict,Intrastate,34,90
205,Iran,Iran,Government of Iran,KDPI,1981,Middle East,1,Minor Conflict,Intrastate,29,42
209,Philippines,Philippines,Government of Philippines,CPP,1981,Asia,1,Minor Conflict,Intrastate,34,90
221,Myanmar,Myanmar (Burma),Government of Myanmar (Burma),KNU,1981,Asia,1,Minor Conflict,Intrastate,34,90
222,Myanmar,Myanmar (Burma),Government of Myanmar (Burma),CPB,1981,Asia,1,Minor Conflict,Intrastate,34,90
230,Yemen (North Yemen),Yemen (North Yemen),Government of Yemen (North Yemen),NDF,1981,Middle East,1,Minor Conflict,Intrastate,29,42
231,Myanmar,Myanmar (Burma),Government of Myanmar (Burma),KIO,1981,Asia,1,Minor Conflict,Intrastate,34,90
233,Guatemala,Guatemala,Government of Guatemala,"EGP, FAR I, FAR II, ORPA",1981,Americas,1,Minor Conflict,Intrastate,-14,-60
234,Israel,Israel,Government of Israel,"PLO, Rejectionist Front",1981,Middle East,1,Minor Conflict,Intrastate,29,42
240,Thailand,Thailand,Government of Thailand,CPT,1981,Asia,1,Minor Conflict,Intrastate,34,90
261,Malaysia,Malaysia,Government of Malaysia,CPM,1981,Asia,1,Minor Conflict,Intrastate,34,90
264,Myanmar,Myanmar (Burma),Government of Myanmar (Burma),SURA,1981,Asia,1,Minor Conflict,Intrastate,34,90
267,Ethiopia,Ethiopia,Government of Ethiopia,TPLF,1981,Africa,2,War,Intrastate,-2,22
271,Iraq,Iraq,Government of Iraq,"KDP, PUK",1981,Middle East,1,Minor Conflict,Intrastate,29,42
275,Ethiopia,Ethiopia,Government of Ethiopia,EPLF,1981,Africa,1,Minor Conflict,Intrastate,-2,22
288,Chad,Chad,Government of Chad,FAN,1981,Africa,1,Minor Conflict,Internationalized Intrastate,-2,22
289,Colombia,Colombia,Government of Colombia,"FARC, M-19",1981,Americas,1,Minor Conflict,Intrastate,-14,-60
291,Indonesia,Indonesia,Government of Indonesia,OPM,1981,Asia,2,War,Intrastate,34,90
295,Ghana,Ghana,Government of Ghana,Military faction (forces of Jerry John Rawlings),1981,Africa,1,Minor Conflict,Intrastate,-2,22
298,South Africa,South Africa,Government of South Africa,SWAPO,1981,Africa,2,War,Intrastate,-2,22
299,Syria,Syria,Government of Syria,Muslim Brotherhood,1981,Middle East,1,Minor Conflict,Intrastate,29,42
300,Cambodia (Kampuchea),Cambodia (Kampuchea),Government of Cambodia (Kampuchea),"KPNLF, KR",1981,Asia,1,Minor Conflict,Internationalized Intrastate,34,90
308,Philippines,Philippines,Government of Philippines,MNLF,1981,Asia,2,War,Intrastate,34,90
314,Uganda,Uganda,Government of Uganda,"FUNA, NRA, UNRF",1981,Africa,2,War,Internationalized Intrastate,-2,22
315,United Kingdom,United Kingdom,Government of United Kingdom,PIRA,1981,Europe,1,Minor Conflict,Intrastate,54,25
316,El Salvador,El Salvador,Government of El Salvador,FMLN,1981,Americas,2,War,Intrastate,-14,-60
322,Bangladesh,Bangladesh,Government of Bangladesh,PCJSS,1981,Asia,1,Minor Conflict,Intrastate,34,90
324,Iran,"Iran, Iraq",Government of Iran,Government of Iraq,1981,Middle East,2,War,Interstate,29,42
327,Angola,Angola,Government of Angola,UNITA,1981,Africa,2,War,Internationalized Intrastate,-2,22
329,Ethiopia,Ethiopia,Government of Ethiopia,WSLF,1981,Africa,1,Minor Conflict,Internationalized Intrastate,-2,22
330,Indonesia,Indonesia,Government of Indonesia,CNRT,1981,Asia,1,Minor Conflict,Intrastate,34,90
331,Morocco,Morocco,Government of Morocco,POLISARIO,1981,Africa,1,Minor Conflict,Intrastate,-2,22
332,Mozambique,Mozambique,Government of Mozambique,Renamo,1981,Africa,2,War,Intrastate,-2,22
333,Afghanistan,Afghanistan,Government of Afghanistan,"Harakat-i Inqilab-i Islami-yi Afghanistan , Hizb-i Islami-yi Afghanistan, Hizb-i Islami-yi Afghanistan - Khalis faction, Ittihad-i Islami Bara-yi Azadi-yi Afghanistan , Jabha-yi Nijat-i Milli-yi Afghanistan , Jam'iyyat-i Islami-yi Afghanistan, Mahaz-i Milli-yi Islami-yi Afghanistan",1981,Asia,2,War,Internationalized Intrastate,34,90
334,China,"China, Vietnam (North Vietnam)",Government of China,Government of Vietnam (North Vietnam),1981,Asia,1,Minor Conflict,Interstate,34,90
335,India,India,Government of India,TNV,1981,Asia,1,Minor Conflict,Intrastate,34,90
338,Iran,Iran,Government of Iran,MEK,1981,Middle East,2,War,Intrastate,29,42
342,Spain,Spain,Government of Spain,ETA,1981,Europe,1,Minor Conflict,Intrastate,54,25
344,Gambia,Gambia,Government of Gambia,NRC,1981,Africa,1,Minor Conflict,Internationalized Intrastate,-2,22
345,South Africa,South Africa,Government of South Africa,ANC,1981,Africa,1,Minor Conflict,Intrastate,-2,22
413,Ethiopia,Ethiopia,Government of Ethiopia,OLF,1981,Africa,2,War,Intrastate,-2,22
437,Ethiopia,Ethiopia,Government of Ethiopia,SLM,1981,Africa,2,War,Intrastate,-2,22
440,Myanmar,Myanmar (Burma),Government of Myanmar (Burma),LNUP,1981,Asia,1,Minor Conflict,Intrastate,34,90
205,Iran,Iran,Government of Iran,KDPI,1982,Middle East,2,War,Intrastate,29,42
209,Philippines,Philippines,Government of Philippines,CPP,1982,Asia,2,War,Intrastate,34,90
221,Myanmar,Myanmar (Burma),Government of Myanmar (Burma),KNU,1982,Asia,1,Minor Conflict,Intrastate,34,90
222,Myanmar,Myanmar (Burma),Government of Myanmar (Burma),CPB,1982,Asia,2,War,Intrastate,34,90
230,Yemen (North Yemen),Yemen (North Yemen),Government of Yemen (North Yemen),NDF,1982,Middle East,1,Minor Conflict,Intrastate,29,42
231,Myanmar,Myanmar (Burma),Government of Myanmar (Burma),KIO,1982,Asia,1,Minor Conflict,Intrastate,34,90
233,Guatemala,Guatemala,Government of Guatemala,URNG,1982,Americas,1,Minor Conflict,Intrastate,-14,-60
234,Israel,Israel,Government of Israel,"PLO, Rejectionist Front",1982,Middle East,2,War,Internationalized Intrastate,29,42
240,Thailand,Thailand,Government of Thailand,CPT,1982,Asia,1,Minor Conflict,Intrastate,34,90
259,Iraq,Iraq,Government of Iraq,SCIRI,1982,Middle East,1,Minor Conflict,Intrastate,29,42
260,Lebanon,Lebanon,Government of Lebanon,NSF,1982,Middle East,1,Minor Conflict,Intrastate,29,42
264,Myanmar,Myanmar (Burma),Government of Myanmar (Burma),SURA,1982,Asia,1,Minor Conflict,Intrastate,34,90
267,Ethiopia,Ethiopia,Government of Ethiopia,TPLF,1982,Africa,2,War,Intrastate,-2,22
271,Iraq,Iraq,Government of Iraq,"KDP, PUK",1982,Middle East,1,Minor Conflict,Intrastate,29,42
275,Ethiopia,Ethiopia,Government of Ethiopia,EPLF,1982,Africa,2,War,Intrastate,-2,22
277,Venezuela,Venezuela,Government of Venezuela,Bandera Roja,1982,Americas,1,Minor Conflict,Intrastate,-14,-60
288,Chad,Chad,Government of Chad,"FAN, FAT",1982,Africa,1,Minor Conflict,Intrastate,-2,22
289,Colombia,Colombia,Government of Colombia,"FARC, M-19",1982,Americas,1,Minor Conflict,Intrastate,-14,-60
292,Peru,Peru,Government of Peru,Sendero Luminoso,1982,Americas,1,Minor Conflict,Intrastate,-14,-60
298,South Africa,South Africa,Government of South Africa,SWAPO,1982,Africa,2,War,Intrastate,-2,22
299,Syria,Syria,Government of Syria,Muslim Brotherhood,1982,Middle East,2,War,Intrastate,29,42
300,Cambodia (Kampuchea),Cambodia (Kampuchea),Government of Cambodia (Kampuchea),"FUNCINPEC, KPNLF, KR",1982,Asia,1,Minor Conflict,Internationalized Intrastate,34,90
308,Philippines,Philippines,Government of Philippines,MNLF,1982,Asia,1,Minor Conflict,Intrastate,34,90
314,Uganda,Uganda,Government of Uganda,"NRA, UFM, UNRF",1982,Africa,2,War,Intrastate,-2,22
315,United Kingdom,United Kingdom,Government of United Kingdom,PIRA,1982,Europe,1,Minor Conflict,Intrastate,54,25
316,El Salvador,El Salvador,Government of El Salvador,FMLN,1982,Americas,2,War,Intrastate,-14,-60
322,Bangladesh,Bangladesh,Government of Bangladesh,PCJSS,1982,Asia,1,Minor Conflict,Intrastate,34,90
324,Iran,"Iran, Iraq",Government of Iran,Government of Iraq,1982,Middle East,2,War,Interstate,29,42
327,Angola,Angola,Government of Angola,UNITA,1982,Africa,2,War,Internationalized Intrastate,-2,22
329,Ethiopia,Ethiopia,Government of Ethiopia,WSLF,1982,Africa,1,Minor Conflict,Internationalized Intrastate,-2,22
330,Indonesia,Indonesia,Government of Indonesia,CNRT,1982,Asia,1,Minor Conflict,Intrastate,34,90
331,Morocco,Morocco,Government of Morocco,POLISARIO,1982,Africa,1,Minor Conflict,Intrastate,-2,22
332,Mozambique,Mozambique,Government of Mozambique,Renamo,1982,Africa,2,War,Intrastate,-2,22
333,Afghanistan,Afghanistan,Government of Afghanistan,"Harakat-i Inqilab-i Islami-yi Afghanistan , Hizb-i Islami-yi Afghanistan, Hizb-i Islami-yi Afghanistan - Khalis faction, Ittihad-i Islami Bara-yi Azadi-yi Afghanistan , Jabha-yi Nijat-i Milli-yi Afghanistan , Jam'iyyat-i Islami-yi Afghanistan, Mahaz-i Milli-yi Islami-yi Afghanistan",1982,Asia,2,War,Internationalized Intrastate,34,90
335,India,India,Government of India,TNV,1982,Asia,1,Minor Conflict,Intrastate,34,90
336,Nicaragua,Nicaragua,Government of Nicaragua,Contras,1982,Americas,1,Minor Conflict,Intrastate,-14,-60
337,Somalia,Somalia,Government of Somalia,SSDF,1982,Africa,1,Minor Conflict,Intrastate,-2,22
338,Iran,Iran,Government of Iran,MEK,1982,Middle East,2,War,Intrastate,29,42
342,Spain,Spain,Government of Spain,ETA,1982,Europe,1,Minor Conflict,Intrastate,54,25
345,South Africa,South Africa,Government of South Africa,ANC,1982,Africa,1,Minor Conflict,Intrastate,-2,22
347,India,India,Government of India,PLA,1982,Asia,1,Minor Conflict,Intrastate,34,90
348,Kenya,Kenya,Government of Kenya,Military faction (forces of Hezekiah Ochuka),1982,Africa,1,Minor Conflict,Intrastate,-2,22
440,Myanmar,Myanmar (Burma),Government of Myanmar (Burma),LNUP,1982,Asia,1,Minor Conflict,Intrastate,34,90
205,Iran,Iran,Government of Iran,KDPI,1983,Middle East,1,Minor Conflict,Intrastate,29,42
209,Philippines,Philippines,Government of Philippines,CPP,1983,Asia,2,War,Intrastate,34,90
221,Myanmar,Myanmar (Burma),Government of Myanmar (Burma),KNU,1983,Asia,2,War,Intrastate,34,90
222,Myanmar,Myanmar (Burma),Government of Myanmar (Burma),CPB,1983,Asia,1,Minor Conflict,Intrastate,34,90
231,Myanmar,Myanmar (Burma),Government of Myanmar (Burma),KIO,1983,Asia,1,Minor Conflict,Intrastate,34,90
233,Guatemala,Guatemala,Government of Guatemala,URNG,1983,Americas,1,Minor Conflict,Intrastate,-14,-60
234,Israel,Israel,Government of Israel,"PLO, Rejectionist Front",1983,Middle East,1,Minor Conflict,Intrastate,29,42
259,Iraq,Iraq,Government of Iraq,SCIRI,1983,Middle East,1,Minor Conflict,Intrastate,29,42
260,Lebanon,Lebanon,Government of Lebanon,"Amal, NSF",1983,Middle East,1,Minor Conflict,Internationalized Intrastate,29,42
264,Myanmar,Myanmar (Burma),Government of Myanmar (Burma),SURA,1983,Asia,1,Minor Conflict,Intrastate,34,90
267,Ethiopia,Ethiopia,Government of Ethiopia,"EPDM, TPLF",1983,Africa,2,War,Intrastate,-2,22
271,Iraq,Iraq,Government of Iraq,"KDP, PUK",1983,Middle East,1,Minor Conflict,Intrastate,29,42
275,Ethiopia,Ethiopia,Government of Ethiopia,EPLF,1983,Africa,2,War,Intrastate,-2,22
288,Chad,Chad,Government of Chad,GUNT,1983,Africa,1,Minor Conflict,Internationalized Intrastate,-2,22
289,Colombia,Colombia,Government of Colombia,"FARC, M-19",1983,Americas,1,Minor Conflict,Intrastate,-14,-60
292,Peru,Peru,Government of Peru,Sendero Luminoso,1983,Americas,2,War,Intrastate,-14,-60
295,Ghana,Ghana,Government of Ghana,Military faction (forces of Ekow Dennis and Edward Adjei-Ampofo),1983,Africa,1,Minor Conflict,Intrastate,-2,22
298,South Africa,South Africa,Government of South Africa,SWAPO,1983,Africa,2,War,Intrastate,-2,22
300,Cambodia (Kampuchea),Cambodia (Kampuchea),Government of Cambodia (Kampuchea),"FUNCINPEC, KPNLF, KR",1983,Asia,1,Minor Conflict,Internationalized Intrastate,34,90
308,Philippines,Philippines,Government of Philippines,MNLF,1983,Asia,1,Minor Conflict,Intrastate,34,90
309,Sudan,Sudan,Government of Sudan,SPLM/A,1983,Africa,2,War,Intrastate,-2,22
314,Uganda,Uganda,Government of Uganda,"NRA, UNRF",1983,Africa,2,War,Intrastate,-2,22
315,United Kingdom,United Kingdom,Government of United Kingdom,PIRA,1983,Europe,1,Minor Conflict,Intrastate,54,25
316,El Salvador,El Salvador,Government of El Salvador,FMLN,1983,Americas,2,War,Intrastate,-14,-60
322,Bangladesh,Bangladesh,Government of Bangladesh,PCJSS,1983,Asia,1,Minor Conflict,Intrastate,34,90
324,Iran,"Iran, Iraq",Government of Iran,Government of Iraq,1983,Middle East,2,War,Interstate,29,42
327,Angola,Angola,Government of Angola,UNITA,1983,Africa,2,War,Internationalized Intrastate,-2,22
329,Ethiopia,Ethiopia,Government of Ethiopia,WSLF,1983,Africa,1,Minor Conflict,Internationalized Intrastate,-2,22
330,Indonesia,Indonesia,Government of Indonesia,CNRT,1983,Asia,1,Minor Conflict,Intrastate,34,90
331,Morocco,Morocco,Government of Morocco,POLISARIO,1983,Africa,1,Minor Conflict,Intrastate,-2,22
332,Mozambique,Mozambique,Government of Mozambique,Renamo,1983,Africa,2,War,Intrastate,-2,22
333,Afghanistan,Afghanistan,Government of Afghanistan,"Harakat-i Inqilab-i Islami-yi Afghanistan , Hizb-i Islami-yi Afghanistan, Hizb-i Islami-yi Afghanistan - Khalis faction, Ittihad-i Islami Bara-yi Azadi-yi Afghanistan , Jabha-yi Nijat-i Milli-yi Afghanistan , Jam'iyyat-i Islami-yi Afghanistan, Mahaz-i Milli-yi Islami-yi Afghanistan",1983,Asia,2,War,Internationalized Intrastate,34,90
334,China,"China, Vietnam (North Vietnam)",Government of China,Government of Vietnam (North Vietnam),1983,Asia,1,Minor Conflict,Interstate,34,90
335,India,India,Government of India,TNV,1983,Asia,1,Minor Conflict,Intrastate,34,90
336,Nicaragua,Nicaragua,Government of Nicaragua,Contras,1983,Americas,2,War,Intrastate,-14,-60
337,Somalia,Somalia,Government of Somalia,"SNM, SSDF",1983,Africa,1,Minor Conflict,Intrastate,-2,22
345,South Africa,South Africa,Government of South Africa,ANC,1983,Africa,1,Minor Conflict,Intrastate,-2,22
347,India,India,Government of India,PLA,1983,Asia,1,Minor Conflict,Intrastate,34,90
349,Chad,"Chad, Nigeria",Government of Chad,Government of Nigeria,1983,Africa,1,Minor Conflict,Interstate,-2,22
350,Grenada,"Grenada, United States of America",Government of Grenada,Government of United States of America,1983,Americas,1,Minor Conflict,Interstate,-14,-60
351,India,India,Government of India,Sikh insurgents,1983,Asia,1,Minor Conflict,Intrastate,34,90
413,Ethiopia,Ethiopia,Government of Ethiopia,OLF,1983,Africa,1,Minor Conflict,Intrastate,-2,22
437,Ethiopia,Ethiopia,Government of Ethiopia,SLM,1983,Africa,1,Minor Conflict,Intrastate,-2,22
205,Iran,Iran,Government of Iran,KDPI,1984,Middle East,1,Minor Conflict,Intrastate,29,42
209,Philippines,Philippines,Government of Philippines,CPP,1984,Asia,2,War,Intrastate,34,90
218,India,"India, Pakistan",Government of India,Government of Pakistan,1984,Asia,1,Minor Conflict,Interstate,34,90
221,Myanmar,Myanmar (Burma),Government of Myanmar (Burma),KNU,1984,Asia,2,War,Intrastate,34,90
222,Myanmar,Myanmar (Burma),Government of Myanmar (Burma),CPB,1984,Asia,1,Minor Conflict,Intrastate,34,90
231,Myanmar,Myanmar (Burma),Government of Myanmar (Burma),KIO,1984,Asia,2,War,Intrastate,34,90
233,Guatemala,Guatemala,Government of Guatemala,URNG,1984,Americas,1,Minor Conflict,Intrastate,-14,-60
234,Israel,Israel,Government of Israel,"PLO, Rejectionist Front",1984,Middle East,1,Minor Conflict,Intrastate,29,42
259,Iraq,Iraq,Government of Iraq,SCIRI,1984,Middle East,1,Minor Conflict,Intrastate,29,42
260,Lebanon,Lebanon,Government of Lebanon,"Amal, NSF",1984,Middle East,2,War,Internationalized Intrastate,29,42
264,Myanmar,Myanmar (Burma),Government of Myanmar (Burma),TRC,1984,Asia,1,Minor Conflict,Intrastate,34,90
267,Ethiopia,Ethiopia,Government of Ethiopia,"EPDM, EPRP, TPLF",1984,Africa,2,War,Intrastate,-2,22
271,Iraq,Iraq,Government of Iraq,KDP,1984,Middle East,1,Minor Conflict,Intrastate,29,42
275,Ethiopia,Ethiopia,Government of Ethiopia,EPLF,1984,Africa,2,War,Intrastate,-2,22
288,Chad,Chad,Government of Chad,GUNT,1984,Africa,1,Minor Conflict,Internationalized Intrastate,-2,22
289,Colombia,Colombia,Government of Colombia,"ELN, EPL, FARC, M-19",1984,Americas,1,Minor Conflict,Intrastate,-14,-60
291,Indonesia,Indonesia,Government of Indonesia,OPM,1984,Asia,1,Minor Conflict,Intrastate,34,90
292,Peru,Peru,Government of Peru,Sendero Luminoso,1984,Americas,2,War,Intrastate,-14,-60
298,South Africa,South Africa,Government of South Africa,SWAPO,1984,Africa,1,Minor Conflict,Intrastate,-2,22
300,Cambodia (Kampuchea),Cambodia (Kampuchea),Government of Cambodia (Kampuchea),"FUNCINPEC, KPNLF, KR",1984,Asia,1,Minor Conflict,Internationalized Intrastate,34,90
308,Philippines,Philippines,Government of Philippines,MNLF,1984,Asia,1,Minor Conflict,Intrastate,34,90
309,Sudan,Sudan,Government of Sudan,SPLM/A,1984,Africa,2,War,Intrastate,-2,22
314,Uganda,Uganda,Government of Uganda,NRA,1984,Africa,2,War,Intrastate,-2,22
315,United Kingdom,United Kingdom,Government of United Kingdom,PIRA,1984,Europe,1,Minor Conflict,Intrastate,54,25
316,El Salvador,El Salvador,Government of El Salvador,FMLN,1984,Americas,2,War,Intrastate,-14,-60
322,Bangladesh,Bangladesh,Government of Bangladesh,PCJSS,1984,Asia,1,Minor Conflict,Intrastate,34,90
324,Iran,"Iran, Iraq",Government of Iran,Government of Iraq,1984,Middle East,2,War,Interstate,29,42
327,Angola,Angola,Government of Angola,UNITA,1984,Africa,2,War,Internationalized Intrastate,-2,22
330,Indonesia,Indonesia,Government of Indonesia,CNRT,1984,Asia,1,Minor Conflict,Intrastate,34,90
331,Morocco,Morocco,Government of Morocco,POLISARIO,1984,Africa,1,Minor Conflict,Intrastate,-2,22
332,Mozambique,Mozambique,Government of Mozambique,Renamo,1984,Africa,2,War,Intrastate,-2,22
333,Afghanistan,Afghanistan,Government of Afghanistan,"Harakat-i Inqilab-i Islami-yi Afghanistan , Harakat-i Islami-yi Afghanistan, Hizb-i Islami-yi Afghanistan, Hizb-i Islami-yi Afghanistan - Khalis faction, Ittihad-i Islami Bara-yi Azadi-yi Afghanistan , Jabha-yi Nijat-i Milli-yi Afghanistan , Jam'iyyat-i Islami-yi Afghanistan, Mahaz-i Milli-yi Islami-yi Afghanistan",1984,Asia,2,War,Internationalized Intrastate,34,90
334,China,"China, Vietnam (North Vietnam)",Government of China,Government of Vietnam (North Vietnam),1984,Asia,1,Minor Conflict,Interstate,34,90
335,India,India,Government of India,TNV,1984,Asia,1,Minor Conflict,Intrastate,34,90
336,Nicaragua,Nicaragua,Government of Nicaragua,Contras,1984,Americas,2,War,Intrastate,-14,-60
337,Somalia,Somalia,Government of Somalia,"SNM, SSDF",1984,Africa,1,Minor Conflict,Intrastate,-2,22
347,India,India,Government of India,PLA,1984,Asia,1,Minor Conflict,Intrastate,34,90
351,India,India,Government of India,Sikh insurgents,1984,Asia,1,Minor Conflict,Intrastate,34,90
352,Sri Lanka,Sri Lanka,Government of Sri Lanka,"LTTE, TELO",1984,Asia,1,Minor Conflict,Intrastate,34,90
353,Cameroon,Cameroon,Government of Cameroon,Military faction (forces of Ibrahim Saleh),1984,Africa,1,Minor Conflict,Intrastate,-2,22
354,Turkey,Turkey,Government of Turkey,PKK,1984,Middle East,1,Minor Conflict,Intrastate,29,42
413,Ethiopia,Ethiopia,Government of Ethiopia,OLF,1984,Africa,1,Minor Conflict,Intrastate,-2,22
205,Iran,Iran,Government of Iran,KDPI,1985,Middle East,1,Minor Conflict,Intrastate,29,42
209,Philippines,Philippines,Government of Philippines,CPP,1985,Asia,2,War,Intrastate,34,90
221,Myanmar,Myanmar (Burma),Government of Myanmar (Burma),KNU,1985,Asia,1,Minor Conflict,Intrastate,34,90
222,Myanmar,Myanmar (Burma),Government of Myanmar (Burma),CPB,1985,Asia,1,Minor Conflict,Intrastate,34,90
231,Myanmar,Myanmar (Burma),Government of Myanmar (Burma),KIO,1985,Asia,1,Minor Conflict,Intrastate,34,90
233,Guatemala,Guatemala,Government of Guatemala,URNG,1985,Americas,1,Minor Conflict,Intrastate,-14,-60
234,Israel,Israel,Government of Israel,"PLO, Rejectionist Front",1985,Middle East,1,Minor Conflict,Intrastate,29,42
260,Lebanon,Lebanon,Government of Lebanon,NUF,1985,Middle East,1,Minor Conflict,Intrastate,29,42
264,Myanmar,Myanmar (Burma),Government of Myanmar (Burma),MTA,1985,Asia,1,Minor Conflict,Intrastate,34,90
267,Ethiopia,Ethiopia,Government of Ethiopia,"EPDM, EPRP, TPLF",1985,Africa,2,War,Intrastate,-2,22
271,Iraq,Iraq,Government of Iraq,PUK,1985,Middle East,1,Minor Conflict,Intrastate,29,42
275,Ethiopia,Ethiopia,Government of Ethiopia,EPLF,1985,Africa,2,War,Intrastate,-2,22
289,Colombia,Colombia,Government of Colombia,"ELN, FARC, M-19",1985,Americas,2,War,Intrastate,-14,-60
292,Peru,Peru,Government of Peru,Sendero Luminoso,1985,Americas,2,War,Intrastate,-14,-60
298,South Africa,South Africa,Government of South Africa,SWAPO,1985,Africa,1,Minor Conflict,Intrastate,-2,22
300,Cambodia (Kampuchea),Cambodia (Kampuchea),Government of Cambodia (Kampuchea),"FUNCINPEC, KPNLF, KR",1985,Asia,1,Minor Conflict,Internationalized Intrastate,34,90
308,Philippines,Philippines,Government of Philippines,MNLF,1985,Asia,1,Minor Conflict,Intrastate,34,90
309,Sudan,Sudan,Government of Sudan,SPLM/A,1985,Africa,2,War,Intrastate,-2,22
314,Uganda,Uganda,Government of Uganda,NRA,1985,Africa,2,War,Intrastate,-2,22
315,United Kingdom,United Kingdom,Government of United Kingdom,PIRA,1985,Europe,1,Minor Conflict,Intrastate,54,25
316,El Salvador,El Salvador,Government of El Salvador,FMLN,1985,Americas,2,War,Intrastate,-14,-60
322,Bangladesh,Bangladesh,Government of Bangladesh,PCJSS,1985,Asia,1,Minor Conflict,Intrastate,34,90
324,Iran,"Iran, Iraq",Government of Iran,Government of Iraq,1985,Middle East,2,War,Interstate,29,42
327,Angola,Angola,Government of Angola,UNITA,1985,Africa,2,War,Internationalized Intrastate,-2,22
330,Indonesia,Indonesia,Government of Indonesia,CNRT,1985,Asia,1,Minor Conflict,Intrastate,34,90
331,Morocco,Morocco,Government of Morocco,POLISARIO,1985,Africa,1,Minor Conflict,Intrastate,-2,22
332,Mozambique,Mozambique,Government of Mozambique,Renamo,1985,Africa,2,War,Internationalized Intrastate,-2,22
333,Afghanistan,Afghanistan,Government of Afghanistan,"Harakat-i Inqilab-i Islami-yi Afghanistan , Hizb-i Islami-yi Afghanistan, Hizb-i Islami-yi Afghanistan - Khalis faction, Ittihad-i Islami Bara-yi Azadi-yi Afghanistan , Jabha-yi Nijat-i Milli-yi Afghanistan , Jam'iyyat-i Islami-yi Afghanistan, Mahaz-i Milli-yi Islami-yi Afghanistan",1985,Asia,2,War,Internationalized Intrastate,34,90
335,India,India,Government of India,TNV,1985,Asia,1,Minor Conflict,Intrastate,34,90
336,Nicaragua,Nicaragua,Government of Nicaragua,Contras,1985,Americas,2,War,Intrastate,-14,-60
342,Spain,Spain,Government of Spain,ETA,1985,Europe,1,Minor Conflict,Intrastate,54,25
345,South Africa,South Africa,Government of South Africa,ANC,1985,Africa,1,Minor Conflict,Intrastate,-2,22
347,India,India,Government of India,PLA,1985,Asia,1,Minor Conflict,Intrastate,34,90
351,India,India,Government of India,Sikh insurgents,1985,Asia,1,Minor Conflict,Intrastate,34,90
352,Sri Lanka,Sri Lanka,Government of Sri Lanka,"EPRLF, LTTE, TELO",1985,Asia,1,Minor Conflict,Intrastate,34,90
354,Turkey,Turkey,Government of Turkey,PKK,1985,Middle East,1,Minor Conflict,Intrastate,29,42
355,Burkina Faso,"Burkina Faso, Mali",Government of Burkina Faso,Government of Mali,1985,Africa,1,Minor Conflict,Interstate,-2,22
413,Ethiopia,Ethiopia,Government of Ethiopia,OLF,1985,Africa,1,Minor Conflict,Intrastate,-2,22
205,Iran,Iran,Government of Iran,KDPI,1986,Middle East,1,Minor Conflict,Intrastate,29,42
209,Philippines,Philippines,Government of Philippines,CPP,1986,Asia,2,War,Intrastate,34,90
221,Myanmar,Myanmar (Burma),Government of Myanmar (Burma),KNU,1986,Asia,1,Minor Conflict,Intrastate,34,90
222,Myanmar,Myanmar (Burma),Government of Myanmar (Burma),CPB,1986,Asia,2,War,Intrastate,34,90
231,Myanmar,Myanmar (Burma),Government of Myanmar (Burma),KIO,1986,Asia,1,Minor Conflict,Intrastate,34,90
233,Guatemala,Guatemala,Government of Guatemala,URNG,1986,Americas,1,Minor Conflict,Intrastate,-14,-60
234,Israel,Israel,Government of Israel,"PLO, Rejectionist Front",1986,Middle East,1,Minor Conflict,Intrastate,29,42
260,Lebanon,Lebanon,Government of Lebanon,"Lebanese Forces - Hobeika faction, NUF",1986,Middle East,1,Minor Conflict,Intrastate,29,42
264,Myanmar,Myanmar (Burma),Government of Myanmar (Burma),MTA,1986,Asia,1,Minor Conflict,Intrastate,34,90
267,Ethiopia,Ethiopia,Government of Ethiopia,"EPRP, TPLF",1986,Africa,1,Minor Conflict,Intrastate,-2,22
271,Iraq,Iraq,Government of Iraq,"KDP, PUK",1986,Middle East,1,Minor Conflict,Intrastate,29,42
275,Ethiopia,Ethiopia,Government of Ethiopia,EPLF,1986,Africa,1,Minor Conflict,Intrastate,-2,22
288,Chad,Chad,Government of Chad,GUNT,1986,Africa,1,Minor Conflict,Internationalized Intrastate,-2,22
289,Colombia,Colombia,Government of Colombia,"ELN, FARC, M-19",1986,Americas,1,Minor Conflict,Intrastate,-14,-60
292,Peru,Peru,Government of Peru,Sendero Luminoso,1986,Americas,1,Minor Conflict,Intrastate,-14,-60
298,South Africa,South Africa,Government of South Africa,SWAPO,1986,Africa,2,War,Intrastate,-2,22
300,Cambodia (Kampuchea),Cambodia (Kampuchea),Government of Cambodia (Kampuchea),"FUNCINPEC, KPNLF, KR",1986,Asia,1,Minor Conflict,Internationalized Intrastate,34,90
308,Philippines,Philippines,Government of Philippines,MNLF,1986,Asia,1,Minor Conflict,Intrastate,34,90
309,Sudan,Sudan,Government of Sudan,SPLM/A,1986,Africa,2,War,Intrastate,-2,22
314,Uganda,Uganda,Government of Uganda,"HSM, NRA, UPDA",1986,Africa,2,War,Intrastate,-2,22
315,United Kingdom,United Kingdom,Government of United Kingdom,PIRA,1986,Europe,1,Minor Conflict,Intrastate,54,25
316,El Salvador,El Salvador,Government of El Salvador,FMLN,1986,Americas,2,War,Intrastate,-14,-60
322,Bangladesh,Bangladesh,Government of Bangladesh,PCJSS,1986,Asia,1,Minor Conflict,Intrastate,34,90
324,Iran,"Iran, Iraq",Government of Iran,Government of Iraq,1986,Middle East,2,War,Interstate,29,42
327,Angola,Angola,Government of Angola,UNITA,1986,Africa,2,War,Internationalized Intrastate,-2,22
330,Indonesia,Indonesia,Government of Indonesia,CNRT,1986,Asia,1,Minor Conflict,Intrastate,34,90
331,Morocco,Morocco,Government of Morocco,POLISARIO,1986,Africa,1,Minor Conflict,Intrastate,-2,22
332,Mozambique,Mozambique,Government of Mozambique,Renamo,1986,Africa,2,War,Internationalized Intrastate,-2,22
333,Afghanistan,Afghanistan,Government of Afghanistan,"Harakat-i Inqilab-i Islami-yi Afghanistan , Hizb-i Islami-yi Afghanistan, Hizb-i Islami-yi Afghanistan - Khalis faction, Ittihad-i Islami Bara-yi Azadi-yi Afghanistan , Jabha-yi Nijat-i Milli-yi Afghanistan , Jam'iyyat-i Islami-yi Afghanistan, Mahaz-i Milli-yi Islami-yi Afghanistan",1986,Asia,2,War,Internationalized Intrastate,34,90
334,China,"China, Vietnam (North Vietnam)",Government of China,Government of Vietnam (North Vietnam),1986,Asia,1,Minor Conflict,Interstate,34,90
335,India,India,Government of India,TNV,1986,Asia,1,Minor Conflict,Intrastate,34,90
336,Nicaragua,Nicaragua,Government of Nicaragua,Contras,1986,Americas,2,War,Intrastate,-14,-60
337,Somalia,Somalia,Government of Somalia,SNM,1986,Africa,1,Minor Conflict,Intrastate,-2,22
338,Iran,Iran,Government of Iran,MEK,1986,Middle East,1,Minor Conflict,Intrastate,29,42
342,Spain,Spain,Government of Spain,ETA,1986,Europe,1,Minor Conflict,Intrastate,54,25
345,South Africa,South Africa,Government of South Africa,ANC,1986,Africa,1,Minor Conflict,Intrastate,-2,22
347,India,India,Government of India,PLA,1986,Asia,1,Minor Conflict,Intrastate,34,90
351,India,India,Government of India,Sikh insurgents,1986,Asia,1,Minor Conflict,Intrastate,34,90
352,Sri Lanka,Sri Lanka,Government of Sri Lanka,LTTE,1986,Asia,1,Minor Conflict,Intrastate,34,90
354,Turkey,Turkey,Government of Turkey,PKK,1986,Middle East,1,Minor Conflict,Intrastate,29,42
356,Laos,"Laos, Thailand",Government of Laos,Government of Thailand,1986,Asia,1,Minor Conflict,Interstate,34,90
358,Togo,Togo,Government of Togo,MTD,1986,Africa,1,Minor Conflict,Intrastate,-2,22
359,South Yemen,South Yemen,Government of South Yemen,YSP - AFI,1986,Middle East,2,War,Intrastate,29,42
413,Ethiopia,Ethiopia,Government of Ethiopia,OLF,1986,Africa,1,Minor Conflict,Intrastate,-2,22
205,Iran,Iran,Government of Iran,KDPI,1987,Middle East,1,Minor Conflict,Intrastate,29,42
209,Philippines,Philippines,Government of Philippines,"CPP, Military faction (forces of Honasan, Abenina & Zumel)",1987,Asia,2,War,Intrastate,34,90
218,India,"India, Pakistan",Government of India,Government of Pakistan,1987,Asia,1,Minor Conflict,Interstate,34,90
221,Myanmar,Myanmar (Burma),Government of Myanmar (Burma),KNU,1987,Asia,1,Minor Conflict,Intrastate,34,90
222,Myanmar,Myanmar (Burma),Government of Myanmar (Burma),CPB,1987,Asia,1,Minor Conflict,Intrastate,34,90
231,Myanmar,Myanmar (Burma),Government of Myanmar (Burma),KIO,1987,Asia,1,Minor Conflict,Intrastate,34,90
233,Guatemala,Guatemala,Government of Guatemala,URNG,1987,Americas,1,Minor Conflict,Intrastate,-14,-60
234,Israel,Israel,Government of Israel,"PLO, Rejectionist Front",1987,Middle East,1,Minor Conflict,Intrastate,29,42
253,Myanmar,Myanmar (Burma),Government of Myanmar (Burma),KNPP,1987,Asia,1,Minor Conflict,Intrastate,34,90
259,Iraq,Iraq,Government of Iraq,SCIRI,1987,Middle East,1,Minor Conflict,Intrastate,29,42
264,Myanmar,Myanmar (Burma),Government of Myanmar (Burma),MTA,1987,Asia,1,Minor Conflict,Intrastate,34,90
267,Ethiopia,Ethiopia,Government of Ethiopia,"EPRP, TPLF",1987,Africa,2,War,Intrastate,-2,22
271,Iraq,Iraq,Government of Iraq,"KDP, PUK",1987,Middle East,1,Minor Conflict,Intrastate,29,42
275,Ethiopia,Ethiopia,Government of Ethiopia,EPLF,1987,Africa,2,War,Intrastate,-2,22
288,Chad,Chad,Government of Chad,CDR,1987,Africa,2,War,Internationalized Intrastate,-2,22
289,Colombia,Colombia,Government of Colombia,"ELN, EPL, FARC",1987,Americas,1,Minor Conflict,Intrastate,-14,-60
292,Peru,Peru,Government of Peru,Sendero Luminoso,1987,Americas,1,Minor Conflict,Intrastate,-14,-60
298,South Africa,South Africa,Government of South Africa,SWAPO,1987,Africa,2,War,Intrastate,-2,22
300,Cambodia (Kampuchea),Cambodia (Kampuchea),Government of Cambodia (Kampuchea),"FUNCINPEC, KPNLF, KR",1987,Asia,1,Minor Conflict,Internationalized Intrastate,34,90
308,Philippines,Philippines,Government of Philippines,MNLF,1987,Asia,1,Minor Conflict,Intrastate,34,90
309,Sudan,Sudan,Government of Sudan,SPLM/A,1987,Africa,2,War,Intrastate,-2,22
314,Uganda,Uganda,Government of Uganda,"HSM, UPA, UPDA",1987,Africa,2,War,Intrastate,-2,22
315,United Kingdom,United Kingdom,Government of United Kingdom,PIRA,1987,Europe,1,Minor Conflict,Intrastate,54,25
316,El Salvador,El Salvador,Government of El Salvador,FMLN,1987,Americas,2,War,Intrastate,-14,-60
322,Bangladesh,Bangladesh,Government of Bangladesh,PCJSS,1987,Asia,1,Minor Conflict,Intrastate,34,90
324,Iran,"Iran, Iraq",Government of Iran,Government of Iraq,1987,Middle East,2,War,Interstate,29,42
327,Angola,Angola,Government of Angola,UNITA,1987,Africa,2,War,Internationalized Intrastate,-2,22
330,Indonesia,Indonesia,Government of Indonesia,CNRT,1987,Asia,1,Minor Conflict,Intrastate,34,90
331,Morocco,Morocco,Government of Morocco,POLISARIO,1987,Africa,1,Minor Conflict,Intrastate,-2,22
332,Mozambique,Mozambique,Government of Mozambique,Renamo,1987,Africa,2,War,Internationalized Intrastate,-2,22
333,Afghanistan,Afghanistan,Government of Afghanistan,"Harakat-i Inqilab-i Islami-yi Afghanistan , Hizb-i Islami-yi Afghanistan, Hizb-i Islami-yi Afghanistan - Khalis faction, Ittihad-i Islami Bara-yi Azadi-yi Afghanistan , Jabha-yi Nijat-i Milli-yi Afghanistan , Jam'iyyat-i Islami-yi Afghanistan, Mahaz-i Milli-yi Islami-yi Afghanistan",1987,Asia,2,War,Internationalized Intrastate,34,90
334,China,"China, Vietnam (North Vietnam)",Government of China,Government of Vietnam (North Vietnam),1987,Asia,1,Minor Conflict,Interstate,34,90
335,India,India,Government of India,TNV,1987,Asia,1,Minor Conflict,Intrastate,34,90
336,Nicaragua,Nicaragua,Government of Nicaragua,Contras,1987,Americas,2,War,Intrastate,-14,-60
337,Somalia,Somalia,Government of Somalia,SNM,1987,Africa,1,Minor Conflict,Intrastate,-2,22
338,Iran,Iran,Government of Iran,MEK,1987,Middle East,1,Minor Conflict,Intrastate,29,42
342,Spain,Spain,Government of Spain,ETA,1987,Europe,1,Minor Conflict,Intrastate,54,25
345,South Africa,South Africa,Government of South Africa,ANC,1987,Africa,1,Minor Conflict,Intrastate,-2,22
347,India,India,Government of India,PLA,1987,Asia,1,Minor Conflict,Intrastate,34,90
351,India,India,Government of India,Sikh insurgents,1987,Asia,1,Minor Conflict,Intrastate,34,90
352,Sri Lanka,Sri Lanka,Government of Sri Lanka,LTTE,1987,Asia,2,War,Intrastate,34,90
354,Turkey,Turkey,Government of Turkey,PKK,1987,Middle East,1,Minor Conflict,Intrastate,29,42
356,Laos,"Laos, Thailand",Government of Laos,Government of Thailand,1987,Asia,1,Minor Conflict,Interstate,34,90
357,Suriname,Suriname,Government of Suriname,SLA,1987,Americas,1,Minor Conflict,Intrastate,-14,-60
360,Burkina Faso,Burkina Faso,Government of Burkina Faso,Popular Front,1987,Africa,1,Minor Conflict,Intrastate,-2,22
361,Chad,"Chad, Libya",Government of Chad,Government of Libya,1987,Africa,2,War,Interstate,-2,22
413,Ethiopia,Ethiopia,Government of Ethiopia,OLF,1987,Africa,1,Minor Conflict,Intrastate,-2,22
205,Iran,Iran,Government of Iran,KDPI,1988,Middle East,1,Minor Conflict,Intrastate,29,42
209,Philippines,Philippines,Government of Philippines,CPP,1988,Asia,1,Minor Conflict,Intrastate,34,90
221,Myanmar,Myanmar (Burma),Government of Myanmar (Burma),KNU,1988,Asia,1,Minor Conflict,Intrastate,34,90
222,Myanmar,Myanmar (Burma),Government of Myanmar (Burma),CPB,1988,Asia,2,War,Intrastate,34,90
231,Myanmar,Myanmar (Burma),Government of Myanmar (Burma),KIO,1988,Asia,1,Minor Conflict,Intrastate,34,90
233,Guatemala,Guatemala,Government of Guatemala,URNG,1988,Americas,1,Minor Conflict,Intrastate,-14,-60
234,Israel,Israel,Government of Israel,"PLO, Rejectionist Front",1988,Middle East,1,Minor Conflict,Intrastate,29,42
264,Myanmar,Myanmar (Burma),Government of Myanmar (Burma),MTA,1988,Asia,1,Minor Conflict,Intrastate,34,90
267,Ethiopia,Ethiopia,Government of Ethiopia,TPLF,1988,Africa,2,War,Intrastate,-2,22
271,Iraq,Iraq,Government of Iraq,"KDP, PUK",1988,Middle East,2,War,Intrastate,29,42
275,Ethiopia,Ethiopia,Government of Ethiopia,EPLF,1988,Africa,2,War,Intrastate,-2,22
289,Colombia,Colombia,Government of Colombia,"ELN, EPL, FARC, M-19",1988,Americas,1,Minor Conflict,Intrastate,-14,-60
292,Peru,Peru,Government of Peru,Sendero Luminoso,1988,Americas,2,War,Intrastate,-14,-60
298,South Africa,South Africa,Government of South Africa,SWAPO,1988,Africa,2,War,Intrastate,-2,22
300,Cambodia (Kampuchea),Cambodia (Kampuchea),Government of Cambodia (Kampuchea),"FUNCINPEC, KPNLF, KR",1988,Asia,1,Minor Conflict,Internationalized Intrastate,34,90
308,Philippines,Philippines,Government of Philippines,MNLF,1988,Asia,1,Minor Conflict,Intrastate,34,90
309,Sudan,Sudan,Government of Sudan,SPLM/A,1988,Africa,2,War,Intrastate,-2,22
314,Uganda,Uganda,Government of Uganda,"Lord's Army, LRA, UPA",1988,Africa,2,War,Intrastate,-2,22
315,United Kingdom,United Kingdom,Government of United Kingdom,PIRA,1988,Europe,1,Minor Conflict,Intrastate,54,25
316,El Salvador,El Salvador,Government of El Salvador,FMLN,1988,Americas,2,War,Intrastate,-14,-60
322,Bangladesh,Bangladesh,Government of Bangladesh,PCJSS,1988,Asia,1,Minor Conflict,Intrastate,34,90
324,Iran,"Iran, Iraq",Government of Iran,Government of Iraq,1988,Middle East,2,War,Interstate,29,42
327,Angola,Angola,Government of Angola,UNITA,1988,Africa,2,War,Internationalized Intrastate,-2,22
330,Indonesia,Indonesia,Government of Indonesia,CNRT,1988,Asia,1,Minor Conflict,Intrastate,34,90
331,Morocco,Morocco,Government of Morocco,POLISARIO,1988,Africa,1,Minor Conflict,Intrastate,-2,22
332,Mozambique,Mozambique,Government of Mozambique,Renamo,1988,Africa,2,War,Internationalized Intrastate,-2,22
333,Afghanistan,Afghanistan,Government of Afghanistan,"Harakat-i Inqilab-i Islami-yi Afghanistan , Hizb-i Islami-yi Afghanistan, Hizb-i Islami-yi Afghanistan - Khalis faction, Ittihad-i Islami Bara-yi Azadi-yi Afghanistan , Jabha-yi Nijat-i Milli-yi Afghanistan , Jam'iyyat-i Islami-yi Afghanistan, Mahaz-i Milli-yi Islami-yi Afghanistan",1988,Asia,2,War,Internationalized Intrastate,34,90
334,China,"China, Vietnam (North Vietnam)",Government of China,Government of Vietnam (North Vietnam),1988,Asia,1,Minor Conflict,Interstate,34,90
335,India,India,Government of India,TNV,1988,Asia,1,Minor Conflict,Intrastate,34,90
336,Nicaragua,Nicaragua,Government of Nicaragua,Contras,1988,Americas,2,War,Intrastate,-14,-60
337,Somalia,Somalia,Government of Somalia,SNM,1988,Africa,2,War,Intrastate,-2,22
338,Iran,Iran,Government of Iran,MEK,1988,Middle East,1,Minor Conflict,Intrastate,29,42
345,South Africa,South Africa,Government of South Africa,ANC,1988,Africa,1,Minor Conflict,Intrastate,-2,22
347,India,India,Government of India,PLA,1988,Asia,1,Minor Conflict,Intrastate,34,90
351,India,India,Government of India,Sikh insurgents,1988,Asia,2,War,Intrastate,34,90
352,Sri Lanka,Sri Lanka,Government of Sri Lanka,LTTE,1988,Asia,1,Minor Conflict,Intrastate,34,90
354,Turkey,Turkey,Government of Turkey,PKK,1988,Middle East,1,Minor Conflict,Intrastate,29,42
356,Laos,"Laos, Thailand",Government of Laos,Government of Thailand,1988,Asia,1,Minor Conflict,Interstate,34,90
413,Ethiopia,Ethiopia,Government of Ethiopia,OLF,1988,Africa,1,Minor Conflict,Intrastate,-2,22
209,Philippines,Philippines,Government of Philippines,"CPP, Military faction (forces of Honasan, Abenina & Zumel)",1989,Asia,1,Minor Conflict,Intrastate,34,90
218,India,"India, Pakistan",Government of India,Government of Pakistan,1989,Asia,1,Minor Conflict,Interstate,34,90
220,Paraguay,Paraguay,Government of Paraguay,Military faction (forces of Andres Rodriguez),1989,Americas,1,Minor Conflict,Intrastate,-14,-60
221,Myanmar,Myanmar (Burma),Government of Myanmar (Burma),KNU,1989,Asia,2,War,Intrastate,34,90
231,Myanmar,Myanmar (Burma),Government of Myanmar (Burma),KIO,1989,Asia,1,Minor Conflict,Intrastate,34,90
233,Guatemala,Guatemala,Government of Guatemala,URNG,1989,Americas,1,Minor Conflict,Intrastate,-14,-60
234,Israel,Israel,Government of Israel,"PFLP, PFLP-GC",1989,Middle East,1,Minor Conflict,Intrastate,29,42
260,Lebanon,Lebanon,Government of Lebanon,"Forces of Michel Aoun, Lebanese Forces",1989,Middle East,1,Minor Conflict,Internationalized Intrastate,29,42
262,Laos,Laos,Government of Laos,LRM,1989,Asia,1,Minor Conflict,Intrastate,34,90
267,Ethiopia,Ethiopia,Government of Ethiopia,"EPRDF, Military faction (forces of Amsha Desta and Merid Negusie)",1989,Africa,2,War,Intrastate,-2,22
271,Iraq,Iraq,Government of Iraq,"KDP, PUK",1989,Middle East,1,Minor Conflict,Intrastate,29,42
275,Ethiopia,Ethiopia,Government of Ethiopia,EPLF,1989,Africa,2,War,Intrastate,-2,22
288,Chad,Chad,Government of Chad,"Islamic Legion, MOSANAT, Revolutionary Forces of 1 April",1989,Africa,1,Minor Conflict,Intrastate,-2,22
289,Colombia,Colombia,Government of Colombia,"ELN, EPL, FARC",1989,Americas,1,Minor Conflict,Intrastate,-14,-60
292,Peru,Peru,Government of Peru,"MRTA, Sendero Luminoso",1989,Americas,2,War,Intrastate,-14,-60
298,South Africa,South Africa,Government of South Africa,SWAPO,1989,Africa,1,Minor Conflict,Intrastate,-2,22
300,Cambodia (Kampuchea),Cambodia (Kampuchea),Government of Cambodia (Kampuchea),"FUNCINPEC, KPNLF, KR",1989,Asia,1,Minor Conflict,Internationalized Intrastate,34,90
308,Philippines,Philippines,Government of Philippines,MNLF,1989,Asia,1,Minor Conflict,Intrastate,34,90
309,Sudan,Sudan,Government of Sudan,SPLM/A,1989,Africa,2,War,Intrastate,-2,22
313,Sri Lanka,Sri Lanka,Government of Sri Lanka,JVP,1989,Asia,1,Minor Conflict,Intrastate,34,90
314,Uganda,Uganda,Government of Uganda,"LRA, UPA",1989,Africa,2,War,Intrastate,-2,22
315,United Kingdom,United Kingdom,Government of United Kingdom,PIRA,1989,Europe,1,Minor Conflict,Intrastate,54,25
316,El Salvador,El Salvador,Government of El Salvador,FMLN,1989,Americas,2,War,Intrastate,-14,-60
322,Bangladesh,Bangladesh,Government of Bangladesh,PCJSS,1989,Asia,1,Minor Conflict,Intrastate,34,90
327,Angola,Angola,Government of Angola,UNITA,1989,Africa,2,War,Internationalized Intrastate,-2,22
331,Morocco,Morocco,Government of Morocco,POLISARIO,1989,Africa,1,Minor Conflict,Intrastate,-2,22
332,Mozambique,Mozambique,Government of Mozambique,Renamo,1989,Africa,2,War,Internationalized Intrastate,-2,22
333,Afghanistan,Afghanistan,Government of Afghanistan,"Hizb-i Islami-yi Afghanistan, Hizb-i Islami-yi Afghanistan - Khalis faction, Hizb-i Wahdat, Jam'iyyat-i Islami-yi Afghanistan, Mahaz-i Milli-yi Islami-yi Afghanistan",1989,Asia,2,War,Internationalized Intrastate,34,90
336,Nicaragua,Nicaragua,Government of Nicaragua,Contras,1989,Americas,1,Minor Conflict,Intrastate,-14,-60
337,Somalia,Somalia,Government of Somalia,"SNM, SPM",1989,Africa,1,Minor Conflict,Intrastate,-2,22
341,Liberia,Liberia,Government of Liberia,NPFL,1989,Africa,1,Minor Conflict,Intrastate,-2,22
351,India,India,Government of India,Sikh insurgents,1989,Asia,1,Minor Conflict,Intrastate,34,90
352,Sri Lanka,Sri Lanka,Government of Sri Lanka,"EPRLF, LTTE",1989,Asia,1,Minor Conflict,Intrastate,34,90
354,Turkey,Turkey,Government of Turkey,PKK,1989,Middle East,1,Minor Conflict,Intrastate,29,42
362,Comoros,Comoros,Government of Comoros,Presidential guard,1989,Africa,1,Minor Conflict,Intrastate,-2,22
367,Panama,Panama,Government of Panama,Military faction (forces of Moisés Giroldi),1989,Americas,1,Minor Conflict,Intrastate,-14,-60
368,Panama,"Panama, United States of America",Government of Panama,Government of United States of America,1989,Americas,1,Minor Conflict,Interstate,-14,-60
370,Romania,Romania,Government of Romania,"Military faction (forces of Nicolae Ceausescu), NSF",1989,Europe,1,Minor Conflict,Intrastate,54,25
381,Haiti,Haiti,Government of Haiti,Military faction (forces of Himmler Rebu and Guy Francois),1989,Americas,1,Minor Conflict,Intrastate,-14,-60
413,Ethiopia,Ethiopia,Government of Ethiopia,OLF,1989,Africa,1,Minor Conflict,Intrastate,-2,22
421,India,India,Government of India,ABSU,1989,Asia,1,Minor Conflict,Intrastate,34,90
205,Iran,Iran,Government of Iran,KDPI,1990,Middle East,1,Minor Conflict,Intrastate,29,42
209,Philippines,Philippines,Government of Philippines,"CPP, Military faction (forces of Honasan, Abenina & Zumel)",1990,Asia,2,War,Intrastate,34,90
218,India,"India, Pakistan",Government of India,Government of Pakistan,1990,Asia,1,Minor Conflict,Interstate,34,90
221,Myanmar,Myanmar (Burma),Government of Myanmar (Burma),KNU,1990,Asia,1,Minor Conflict,Intrastate,34,90
222,Myanmar,Myanmar (Burma),Government of Myanmar (Burma),ABSDF,1990,Asia,1,Minor Conflict,Intrastate,34,90
224,Myanmar,Myanmar (Burma),Government of Myanmar (Burma),NMSP,1990,Asia,1,Minor Conflict,Intrastate,34,90
231,Myanmar,Myanmar (Burma),Government of Myanmar (Burma),KIO,1990,Asia,1,Minor Conflict,Intrastate,34,90
233,Guatemala,Guatemala,Government of Guatemala,URNG,1990,Americas,1,Minor Conflict,Intrastate,-14,-60
234,Israel,Israel,Government of Israel,Fatah,1990,Middle East,1,Minor Conflict,Intrastate,29,42
260,Lebanon,Lebanon,Government of Lebanon,Forces of Michel Aoun,1990,Middle East,1,Minor Conflict,Internationalized Intrastate,29,42
262,Laos,Laos,Government of Laos,LRM,1990,Asia,1,Minor Conflict,Intrastate,34,90
267,Ethiopia,Ethiopia,Government of Ethiopia,EPRDF,1990,Africa,2,War,Intrastate,-2,22
271,Iraq,Iraq,Government of Iraq,"KDP, PUK",1990,Middle East,1,Minor Conflict,Intrastate,29,42
275,Ethiopia,Ethiopia,Government of Ethiopia,EPLF,1990,Africa,2,War,Intrastate,-2,22
288,Chad,Chad,Government of Chad,"Islamic Legion, MPS",1990,Africa,2,War,Intrastate,-2,22
289,Colombia,Colombia,Government of Colombia,"ELN, EPL, FARC",1990,Americas,1,Minor Conflict,Intrastate,-14,-60
292,Peru,Peru,Government of Peru,"MRTA, Sendero Luminoso",1990,Americas,2,War,Intrastate,-14,-60
300,Cambodia (Kampuchea),Cambodia (Kampuchea),Government of Cambodia (Kampuchea),"KPNLF, KR",1990,Asia,1,Minor Conflict,Intrastate,34,90
308,Philippines,Philippines,Government of Philippines,"MILF, MNLF",1990,Asia,1,Minor Conflict,Intrastate,34,90
309,Sudan,Sudan,Government of Sudan,SPLM/A,1990,Africa,2,War,Intrastate,-2,22
313,Sri Lanka,Sri Lanka,Government of Sri Lanka,JVP,1990,Asia,1,Minor Conflict,Intrastate,34,90
314,Uganda,Uganda,Government of Uganda,"LRA, UPA",1990,Africa,1,Minor Conflict,Intrastate,-2,22
315,United Kingdom,United Kingdom,Government of United Kingdom,PIRA,1990,Europe,1,Minor Conflict,Intrastate,54,25
316,El Salvador,El Salvador,Government of El Salvador,FMLN,1990,Americas,1,Minor Conflict,Intrastate,-14,-60
322,Bangladesh,Bangladesh,Government of Bangladesh,PCJSS,1990,Asia,1,Minor Conflict,Intrastate,34,90
327,Angola,Angola,Government of Angola,UNITA,1990,Africa,2,War,Intrastate,-2,22
332,Mozambique,Mozambique,Government of Mozambique,Renamo,1990,Africa,2,War,Internationalized Intrastate,-2,22
333,Afghanistan,Afghanistan,Government of Afghanistan,"Hizb-i Islami-yi Afghanistan, Hizb-i Islami-yi Afghanistan - Khalis faction, Hizb-i Wahdat, Jam'iyyat-i Islami-yi Afghanistan, Military faction (forces of Shahnawaz Tanay)",1990,Asia,2,War,Intrastate,34,90
336,Nicaragua,Nicaragua,Government of Nicaragua,Contras,1990,Americas,1,Minor Conflict,Intrastate,-14,-60
337,Somalia,Somalia,Government of Somalia,"SNM, SPM, USC/SSA",1990,Africa,2,War,Intrastate,-2,22
341,Liberia,Liberia,Government of Liberia,"INPFL, NPFL",1990,Africa,1,Minor Conflict,Intrastate,-2,22
351,India,India,Government of India,Sikh insurgents,1990,Asia,2,War,Intrastate,34,90
352,Sri Lanka,Sri Lanka,Government of Sri Lanka,LTTE,1990,Asia,2,War,Intrastate,34,90
354,Turkey,Turkey,Government of Turkey,PKK,1990,Middle East,1,Minor Conflict,Intrastate,29,42
364,India,India,Government of India,Kashmir insurgents,1990,Asia,1,Minor Conflict,Intrastate,34,90
365,India,India,Government of India,ULFA,1990,Asia,1,Minor Conflict,Intrastate,34,90
366,Indonesia,Indonesia,Government of Indonesia,GAM,1990,Asia,1,Minor Conflict,Intrastate,34,90
369,Papua New Guinea,Papua New Guinea,Government of Papua New Guinea,BRA,1990,Asia,1,Minor Conflict,Intrastate,34,90
371,Iraq,"Iraq, Kuwait",Government of Iraq,Government of Kuwait,1990,Middle East,2,War,Interstate,29,42
372,Mali,Mali,Government of Mali,MPA,1990,Africa,1,Minor Conflict,Intrastate,-2,22
374,Rwanda,Rwanda,Government of Rwanda,FPR,1990,Africa,2,War,Internationalized Intrastate,-2,22
375,Senegal,Senegal,Government of Senegal,MFDC,1990,Africa,1,Minor Conflict,Intrastate,-2,22
376,Russia,Russia (Soviet Union),Government of Russia (Soviet Union),Republic of Armenia,1990,Europe,1,Minor Conflict,Intrastate,54,25
377,Russia,Russia (Soviet Union),Government of Russia (Soviet Union),APF,1990,Europe,1,Minor Conflict,Intrastate,54,25
378,Trinidad and Tobago,Trinidad and Tobago,Government of Trinidad and Tobago,Jamaat al-Muslimeen,1990,Americas,1,Minor Conflict,Intrastate,-14,-60
404,Pakistan,Pakistan,Government of Pakistan,MQM,1990,Asia,1,Minor Conflict,Intrastate,34,90
413,Ethiopia,Ethiopia,Government of Ethiopia,OLF,1990,Africa,1,Minor Conflict,Intrastate,-2,22
421,India,India,Government of India,ABSU,1990,Asia,1,Minor Conflict,Intrastate,34,90
426,Israel,Israel,Government of Israel,Hezbollah,1990,Middle East,1,Minor Conflict,Intrastate,29,42
11447,Ethiopia,Ethiopia,Government of Ethiopia,IGLF,1991,Africa,1,Minor Conflict,Intrastate,-2,22
11475,Myanmar,Myanmar (Burma),Government of Myanmar (Burma),NSCN-K,1991,Asia,1,Minor Conflict,Intrastate,34,90
209,Philippines,Philippines,Government of Philippines,CPP,1991,Asia,2,War,Intrastate,34,90
218,India,"India, Pakistan",Government of India,Government of Pakistan,1991,Asia,1,Minor Conflict,Interstate,34,90
221,Myanmar,Myanmar (Burma),Government of Myanmar (Burma),KNU,1991,Asia,1,Minor Conflict,Intrastate,34,90
222,Myanmar,Myanmar (Burma),Government of Myanmar (Burma),ABSDF,1991,Asia,1,Minor Conflict,Intrastate,34,90
223,Myanmar,Myanmar (Burma),Government of Myanmar (Burma),RSO,1991,Asia,1,Minor Conflict,Intrastate,34,90
227,India,India,Government of India,PWG,1991,Asia,1,Minor Conflict,Intrastate,34,90
231,Myanmar,Myanmar (Burma),Government of Myanmar (Burma),KIO,1991,Asia,1,Minor Conflict,Intrastate,34,90
233,Guatemala,Guatemala,Government of Guatemala,URNG,1991,Americas,1,Minor Conflict,Intrastate,-14,-60
234,Israel,Israel,Government of Israel,Fatah,1991,Middle East,1,Minor Conflict,Intrastate,29,42
259,Iraq,Iraq,Government of Iraq,SCIRI,1991,Middle East,1,Minor Conflict,Intrastate,29,42
267,Ethiopia,Ethiopia,Government of Ethiopia,"EPRDF, Forces of Harar garrison",1991,Africa,2,War,Intrastate,-2,22
271,Iraq,Iraq,Government of Iraq,"KDP, PUK",1991,Middle East,2,War,Intrastate,29,42
275,Ethiopia,Ethiopia,Government of Ethiopia,EPLF,1991,Africa,2,War,Intrastate,-2,22
287,Burundi,Burundi,Government of Burundi,Palipehutu,1991,Africa,1,Minor Conflict,Intrastate,-2,22
288,Chad,Chad,Government of Chad,"MDD, Military faction (forces of Maldoum Bada Abbas)",1991,Africa,1,Minor Conflict,Intrastate,-2,22
289,Colombia,Colombia,Government of Colombia,"ELN, FARC",1991,Americas,1,Minor Conflict,Intrastate,-14,-60
292,Peru,Peru,Government of Peru,"MRTA, Sendero Luminoso",1991,Americas,2,War,Intrastate,-14,-60
300,Cambodia (Kampuchea),Cambodia (Kampuchea),Government of Cambodia (Kampuchea),"FUNCINPEC, KPNLF, KR",1991,Asia,1,Minor Conflict,Intrastate,34,90
309,Sudan,Sudan,Government of Sudan,SPLM/A,1991,Africa,2,War,Intrastate,-2,22
314,Uganda,Uganda,Government of Uganda,"LRA, UPA",1991,Africa,1,Minor Conflict,Intrastate,-2,22
315,United Kingdom,United Kingdom,Government of United Kingdom,PIRA,1991,Europe,1,Minor Conflict,Intrastate,54,25
316,El Salvador,El Salvador,Government of El Salvador,FMLN,1991,Americas,1,Minor Conflict,Intrastate,-14,-60
322,Bangladesh,Bangladesh,Government of Bangladesh,PCJSS,1991,Asia,1,Minor Conflict,Intrastate,34,90
327,Angola,Angola,Government of Angola,UNITA,1991,Africa,1,Minor Conflict,Intrastate,-2,22
332,Mozambique,Mozambique,Government of Mozambique,Renamo,1991,Africa,2,War,Intrastate,-2,22
333,Afghanistan,Afghanistan,Government of Afghanistan,"Hizb-i Islami-yi Afghanistan, Hizb-i Islami-yi Afghanistan - Khalis faction, Hizb-i Wahdat, Jam'iyyat-i Islami-yi Afghanistan",1991,Asia,2,War,Intrastate,34,90
337,Somalia,Somalia,Government of Somalia,"SNM, SPM, USC/SNA, USC/SSA",1991,Africa,2,War,Intrastate,-2,22
338,Iran,Iran,Government of Iran,MEK,1991,Middle East,1,Minor Conflict,Intrastate,29,42
342,Spain,Spain,Government of Spain,ETA,1991,Europe,1,Minor Conflict,Intrastate,54,25
351,India,India,Government of India,Sikh insurgents,1991,Asia,2,War,Intrastate,34,90
352,Sri Lanka,Sri Lanka,Government of Sri Lanka,LTTE,1991,Asia,2,War,Intrastate,34,90
354,Turkey,Turkey,Government of Turkey,PKK,1991,Middle East,1,Minor Conflict,Intrastate,29,42
364,India,India,Government of India,Kashmir insurgents,1991,Asia,1,Minor Conflict,Intrastate,34,90
366,Indonesia,Indonesia,Government of Indonesia,GAM,1991,Asia,1,Minor Conflict,Intrastate,34,90
371,Iraq,"Iraq, Kuwait",Government of Iraq,Government of Kuwait,1991,Middle East,2,War,Interstate,29,42
372,Mali,Mali,Government of Mali,FPLA,1991,Africa,1,Minor Conflict,Intrastate,-2,22
374,Rwanda,Rwanda,Government of Rwanda,FPR,1991,Africa,1,Minor Conflict,Intrastate,-2,22
376,Russia,Russia (Soviet Union),Government of Russia (Soviet Union),Republic of Armenia,1991,Europe,1,Minor Conflict,Intrastate,54,25
379,Djibouti,Djibouti,Government of Djibouti,FRUD,1991,Africa,1,Minor Conflict,Intrastate,-2,22
380,Georgia,Georgia,Government of Georgia,National Guard and Mkhedrioni,1991,Europe,1,Minor Conflict,Intrastate,54,25
381,Haiti,Haiti,Government of Haiti,Military faction (forces of Raol Cédras),1991,Americas,1,Minor Conflict,Intrastate,-14,-60
382,Sierra Leone,Sierra Leone,Government of Sierra Leone,RUF,1991,Africa,1,Minor Conflict,Internationalized Intrastate,-2,22
383,Turkey,Turkey,Government of Turkey,DHKP-C,1991,Middle East,1,Minor Conflict,Intrastate,29,42
384,Serbia,Serbia (Yugoslavia),Government of Serbia (Yugoslavia),Republic of Slovenia,1991,Europe,1,Minor Conflict,Intrastate,54,25
385,Serbia,Serbia (Yugoslavia),Government of Serbia (Yugoslavia),"Croatian irregulars, Republic of Croatia",1991,Europe,2,War,Intrastate,54,25
386,Algeria,Algeria,Government of Algeria,Takfir wa'l Hijra,1991,Africa,1,Minor Conflict,Intrastate,-2,22
387,Angola,Angola,Government of Angola,FLEC-R,1991,Africa,1,Minor Conflict,Intrastate,-2,22
388,Azerbaijan,Azerbaijan,Government of Azerbaijan,Republic of Artsakh,1991,Europe,1,Minor Conflict,Internationalized Intrastate,54,25
413,Ethiopia,Ethiopia,Government of Ethiopia,OLF,1991,Africa,1,Minor Conflict,Intrastate,-2,22
426,Israel,Israel,Government of Israel,Hezbollah,1991,Middle East,1,Minor Conflict,Intrastate,29,42
430,Niger,Niger,Government of Niger,FLAA,1991,Africa,1,Minor Conflict,Intrastate,-2,22
209,Philippines,Philippines,Government of Philippines,CPP,1992,Asia,1,Minor Conflict,Intrastate,34,90
218,India,"India, Pakistan",Government of India,Government of Pakistan,1992,Asia,1,Minor Conflict,Interstate,34,90
221,Myanmar,Myanmar (Burma),Government of Myanmar (Burma),KNU,1992,Asia,2,War,Intrastate,34,90
222,Myanmar,Myanmar (Burma),Government of Myanmar (Burma),ABSDF,1992,Asia,1,Minor Conflict,Intrastate,34,90
227,India,India,Government of India,PWG,1992,Asia,1,Minor Conflict,Intrastate,34,90
231,Myanmar,Myanmar (Burma),Government of Myanmar (Burma),KIO,1992,Asia,1,Minor Conflict,Intrastate,34,90
233,Guatemala,Guatemala,Government of Guatemala,URNG,1992,Americas,1,Minor Conflict,Intrastate,-14,-60
234,Israel,Israel,Government of Israel,Fatah,1992,Middle East,1,Minor Conflict,Intrastate,29,42
251,India,India,Government of India,NSCN-IM,1992,Asia,1,Minor Conflict,Intrastate,34,90
253,Myanmar,Myanmar (Burma),Government of Myanmar (Burma),KNPP,1992,Asia,1,Minor Conflict,Intrastate,34,90
259,Iraq,Iraq,Government of Iraq,SCIRI,1992,Middle East,1,Minor Conflict,Intrastate,29,42
271,Iraq,Iraq,Government of Iraq,PUK,1992,Middle East,1,Minor Conflict,Intrastate,29,42
277,Venezuela,Venezuela,Government of Venezuela,Military faction (forces of Hugo Chávez),1992,Americas,1,Minor Conflict,Intrastate,-14,-60
287,Burundi,Burundi,Government of Burundi,Palipehutu,1992,Africa,1,Minor Conflict,Intrastate,-2,22
288,Chad,Chad,Government of Chad,"CNR, CSNPD, FNT, MDD",1992,Africa,1,Minor Conflict,Intrastate,-2,22
289,Colombia,Colombia,Government of Colombia,"ELN, FARC",1992,Americas,2,War,Intrastate,-14,-60
292,Peru,Peru,Government of Peru,"MRTA, Sendero Luminoso",1992,Americas,2,War,Intrastate,-14,-60
300,Cambodia (Kampuchea),Cambodia (Kampuchea),Government of Cambodia (Kampuchea),KR,1992,Asia,1,Minor Conflict,Intrastate,34,90
309,Sudan,Sudan,Government of Sudan,SPLM/A,1992,Africa,2,War,Intrastate,-2,22
314,Uganda,Uganda,Government of Uganda,UPA,1992,Africa,1,Minor Conflict,Intrastate,-2,22
327,Angola,Angola,Government of Angola,UNITA,1992,Africa,2,War,Intrastate,-2,22
330,Indonesia,Indonesia,Government of Indonesia,CNRT,1992,Asia,1,Minor Conflict,Intrastate,34,90
332,Mozambique,Mozambique,Government of Mozambique,Renamo,1992,Africa,1,Minor Conflict,Intrastate,-2,22
333,Afghanistan,Afghanistan,Government of Afghanistan,"Hizb-i Islami-yi Afghanistan, Hizb-i Wahdat, Jam'iyyat-i Islami-yi Afghanistan",1992,Asia,2,War,Intrastate,34,90
335,India,India,Government of India,ATTF,1992,Asia,1,Minor Conflict,Intrastate,34,90
337,Somalia,Somalia,Government of Somalia,USC/SNA,1992,Africa,2,War,Intrastate,-2,22
351,India,India,Government of India,Sikh insurgents,1992,Asia,2,War,Intrastate,34,90
352,Sri Lanka,Sri Lanka,Government of Sri Lanka,LTTE,1992,Asia,2,War,Intrastate,34,90
354,Turkey,Turkey,Government of Turkey,PKK,1992,Middle East,2,War,Intrastate,29,42
364,India,India,Government of India,Kashmir insurgents,1992,Asia,1,Minor Conflict,Intrastate,34,90
369,Papua New Guinea,Papua New Guinea,Government of Papua New Guinea,BRA,1992,Asia,1,Minor Conflict,Intrastate,34,90
374,Rwanda,Rwanda,Government of Rwanda,FPR,1992,Africa,1,Minor Conflict,Intrastate,-2,22
375,Senegal,Senegal,Government of Senegal,MFDC,1992,Africa,1,Minor Conflict,Intrastate,-2,22
379,Djibouti,Djibouti,Government of Djibouti,FRUD,1992,Africa,1,Minor Conflict,Intrastate,-2,22
380,Georgia,Georgia,Government of Georgia,Zviadists,1992,Europe,1,Minor Conflict,Intrastate,54,25
382,Sierra Leone,Sierra Leone,Government of Sierra Leone,RUF,1992,Africa,1,Minor Conflict,Internationalized Intrastate,-2,22
383,Turkey,Turkey,Government of Turkey,DHKP-C,1992,Middle East,1,Minor Conflict,Intrastate,29,42
385,Serbia,Serbia (Yugoslavia),Government of Serbia (Yugoslavia),Republic of Croatia,1992,Europe,1,Minor Conflict,Intrastate,54,25
386,Algeria,Algeria,Government of Algeria,AIS,1992,Africa,1,Minor Conflict,Intrastate,-2,22
387,Angola,Angola,Government of Angola,FLEC-FAC,1992,Africa,1,Minor Conflict,Intrastate,-2,22
388,Azerbaijan,Azerbaijan,Government of Azerbaijan,Republic of Artsakh,1992,Europe,2,War,Internationalized Intrastate,54,25
389,Bosnia-Herzegovina,Bosnia-Herzegovina,Government of Bosnia-Herzegovina,"Serbian irregulars, Serbian Republic of Bosnia-Herzegovina",1992,Europe,2,War,Internationalized Intrastate,54,25
390,Croatia,Croatia,Government of Croatia,"Serbian irregulars, Serbian Republic of Krajina",1992,Europe,2,War,Internationalized Intrastate,54,25
392,Georgia,Georgia,Government of Georgia,Republic of Abkhazia,1992,Europe,1,Minor Conflict,Intrastate,54,25
393,Georgia,Georgia,Government of Georgia,Republic of South Ossetia,1992,Europe,1,Minor Conflict,Intrastate,54,25
394,Moldova,Moldova,Government of Moldova,PMR,1992,Europe,1,Minor Conflict,Intrastate,54,25
395,Tajikistan,Tajikistan,Government of Tajikistan,"PFT, UTO",1992,Asia,2,War,Internationalized Intrastate,34,90
398,Bosnia-Herzegovina,Bosnia-Herzegovina,Government of Bosnia-Herzegovina,Croatian Republic of Bosnia-Herzegovina,1992,Europe,1,Minor Conflict,Intrastate,54,25
413,Ethiopia,Ethiopia,Government of Ethiopia,OLF,1992,Africa,1,Minor Conflict,Intrastate,-2,22
426,Israel,Israel,Government of Israel,Hezbollah,1992,Middle East,1,Minor Conflict,Intrastate,29,42
430,Niger,Niger,Government of Niger,FLAA,1992,Africa,1,Minor Conflict,Intrastate,-2,22
205,Iran,Iran,Government of Iran,KDPI,1993,Middle East,1,Minor Conflict,Intrastate,29,42
209,Philippines,Philippines,Government of Philippines,CPP,1993,Asia,1,Minor Conflict,Intrastate,34,90
227,India,India,Government of India,PWG,1993,Asia,1,Minor Conflict,Intrastate,34,90
233,Guatemala,Guatemala,Government of Guatemala,URNG,1993,Americas,1,Minor Conflict,Intrastate,-14,-60
234,Israel,Israel,Government of Israel,Hamas,1993,Middle East,1,Minor Conflict,Intrastate,29,42
251,India,India,Government of India,NSCN-IM,1993,Asia,1,Minor Conflict,Intrastate,34,90
259,Iraq,Iraq,Government of Iraq,SCIRI,1993,Middle East,1,Minor Conflict,Intrastate,29,42
264,Myanmar,Myanmar (Burma),Government of Myanmar (Burma),MTA,1993,Asia,1,Minor Conflict,Intrastate,34,90
288,Chad,Chad,Government of Chad,"CNR, CSNPD, FNT, MDD",1993,Africa,1,Minor Conflict,Intrastate,-2,22
289,Colombia,Colombia,Government of Colombia,"ELN, FARC",1993,Americas,1,Minor Conflict,Intrastate,-14,-60
292,Peru,Peru,Government of Peru,"MRTA, Sendero Luminoso",1993,Americas,1,Minor Conflict,Intrastate,-14,-60
300,Cambodia (Kampuchea),Cambodia (Kampuchea),Government of Cambodia (Kampuchea),KR,1993,Asia,1,Minor Conflict,Intrastate,34,90
308,Philippines,Philippines,Government of Philippines,"ASG, MNLF",1993,Asia,1,Minor Conflict,Intrastate,34,90
309,Sudan,Sudan,Government of Sudan,SPLM/A,1993,Africa,1,Minor Conflict,Intrastate,-2,22
327,Angola,Angola,Government of Angola,UNITA,1993,Africa,2,War,Intrastate,-2,22
329,Ethiopia,Ethiopia,Government of Ethiopia,AIAI,1993,Africa,1,Minor Conflict,Intrastate,-2,22
333,Afghanistan,Afghanistan,Government of Afghanistan,"Hizb-i Islami-yi Afghanistan, Hizb-i Wahdat, Junbish-i Milli-yi Islami",1993,Asia,2,War,Intrastate,34,90
337,Somalia,Somalia,Government of Somalia,USC/SNA,1993,Africa,1,Minor Conflict,Intrastate,-2,22
338,Iran,Iran,Government of Iran,MEK,1993,Middle East,1,Minor Conflict,Intrastate,29,42
347,India,India,Government of India,UNLF,1993,Asia,1,Minor Conflict,Intrastate,34,90
351,India,India,Government of India,Sikh insurgents,1993,Asia,1,Minor Conflict,Intrastate,34,90
352,Sri Lanka,Sri Lanka,Government of Sri Lanka,LTTE,1993,Asia,2,War,Intrastate,34,90
354,Turkey,Turkey,Government of Turkey,PKK,1993,Middle East,2,War,Intrastate,29,42
364,India,India,Government of India,Kashmir insurgents,1993,Asia,1,Minor Conflict,Intrastate,34,90
369,Papua New Guinea,Papua New Guinea,Government of Papua New Guinea,BRA,1993,Asia,1,Minor Conflict,Intrastate,34,90
374,Rwanda,Rwanda,Government of Rwanda,FPR,1993,Africa,1,Minor Conflict,Intrastate,-2,22
375,Senegal,Senegal,Government of Senegal,MFDC,1993,Africa,1,Minor Conflict,Intrastate,-2,22
379,Djibouti,Djibouti,Government of Djibouti,FRUD,1993,Africa,1,Minor Conflict,Intrastate,-2,22
380,Georgia,Georgia,Government of Georgia,Zviadists,1993,Europe,1,Minor Conflict,Intrastate,54,25
382,Sierra Leone,Sierra Leone,Government of Sierra Leone,RUF,1993,Africa,1,Minor Conflict,Internationalized Intrastate,-2,22
383,Turkey,Turkey,Government of Turkey,DHKP-C,1993,Middle East,1,Minor Conflict,Intrastate,29,42
386,Algeria,Algeria,Government of Algeria,"AIS, GIA",1993,Africa,1,Minor Conflict,Intrastate,-2,22
388,Azerbaijan,Azerbaijan,Government of Azerbaijan,Republic of Artsakh,1993,Europe,2,War,Internationalized Intrastate,54,25
389,Bosnia-Herzegovina,Bosnia-Herzegovina,Government of Bosnia-Herzegovina,"Serbian irregulars, Serbian Republic of Bosnia-Herzegovina",1993,Europe,2,War,Internationalized Intrastate,54,25
390,Croatia,Croatia,Government of Croatia,Serbian Republic of Krajina,1993,Europe,1,Minor Conflict,Internationalized Intrastate,54,25
391,Egypt,Egypt,Government of Egypt,al-Gama'a al-Islamiyya,1993,Middle East,1,Minor Conflict,Intrastate,29,42
392,Georgia,Georgia,Government of Georgia,Republic of Abkhazia,1993,Europe,2,War,Intrastate,54,25
395,Tajikistan,Tajikistan,Government of Tajikistan,UTO,1993,Asia,2,War,Internationalized Intrastate,34,90
396,Azerbaijan,Azerbaijan,Government of Azerbaijan,Military faction (forces of Suret Husseinov),1993,Europe,1,Minor Conflict,Intrastate,54,25
397,Bosnia-Herzegovina,Bosnia-Herzegovina,Government of Bosnia-Herzegovina,Autonomous Province of Western Bosnia,1993,Europe,1,Minor Conflict,Intrastate,54,25
398,Bosnia-Herzegovina,Bosnia-Herzegovina,Government of Bosnia-Herzegovina,"Croatian irregulars, Croatian Republic of Bosnia-Herzegovina",1993,Europe,2,War,Internationalized Intrastate,54,25
399,Russia,Russia (Soviet Union),Government of Russia (Soviet Union),Parliamentary Forces,1993,Europe,1,Minor Conflict,Intrastate,54,25
408,Congo,Congo,Government of Congo,Ninjas,1993,Africa,1,Minor Conflict,Intrastate,-2,22
426,Israel,Israel,Government of Israel,Hezbollah,1993,Middle East,1,Minor Conflict,Intrastate,29,42
209,Philippines,Philippines,Government of Philippines,CPP,1994,Asia,1,Minor Conflict,Intrastate,34,90
218,India,"India, Pakistan",Government of India,Government of Pakistan,1994,Asia,1,Minor Conflict,Interstate,34,90
221,Myanmar,Myanmar (Burma),Government of Myanmar (Burma),KNU,1994,Asia,1,Minor Conflict,Intrastate,34,90
222,Myanmar,Myanmar (Burma),Government of Myanmar (Burma),ABSDF,1994,Asia,1,Minor Conflict,Intrastate,34,90
223,Myanmar,Myanmar (Burma),Government of Myanmar (Burma),RSO,1994,Asia,1,Minor Conflict,Intrastate,34,90
227,India,India,Government of India,PWG,1994,Asia,1,Minor Conflict,Intrastate,34,90
233,Guatemala,Guatemala,Government of Guatemala,URNG,1994,Americas,1,Minor Conflict,Intrastate,-14,-60
234,Israel,Israel,Government of Israel,Hamas,1994,Middle East,1,Minor Conflict,Intrastate,29,42
251,India,India,Government of India,NSCN-IM,1994,Asia,1,Minor Conflict,Intrastate,34,90
259,Iraq,Iraq,Government of Iraq,SCIRI,1994,Middle East,1,Minor Conflict,Intrastate,29,42
264,Myanmar,Myanmar (Burma),Government of Myanmar (Burma),MTA,1994,Asia,1,Minor Conflict,Intrastate,34,90
287,Burundi,Burundi,Government of Burundi,CNDD,1994,Africa,1,Minor Conflict,Intrastate,-2,22
288,Chad,Chad,Government of Chad,"CNR, CSNPD, FNT",1994,Africa,1,Minor Conflict,Intrastate,-2,22
289,Colombia,Colombia,Government of Colombia,"ELN, FARC",1994,Americas,2,War,Intrastate,-14,-60
292,Peru,Peru,Government of Peru,Sendero Luminoso,1994,Americas,1,Minor Conflict,Intrastate,-14,-60
300,Cambodia (Kampuchea),Cambodia (Kampuchea),Government of Cambodia (Kampuchea),KR,1994,Asia,1,Minor Conflict,Intrastate,34,90
308,Philippines,Philippines,Government of Philippines,"ASG, MILF",1994,Asia,1,Minor Conflict,Intrastate,34,90
309,Sudan,Sudan,Government of Sudan,SPLM/A,1994,Africa,1,Minor Conflict,Intrastate,-2,22
314,Uganda,Uganda,Government of Uganda,LRA,1994,Africa,1,Minor Conflict,Intrastate,-2,22
327,Angola,Angola,Government of Angola,UNITA,1994,Africa,2,War,Intrastate,-2,22
329,Ethiopia,Ethiopia,Government of Ethiopia,ONLF,1994,Africa,1,Minor Conflict,Intrastate,-2,22
333,Afghanistan,Afghanistan,Government of Afghanistan,"Hizb-i Islami-yi Afghanistan, Hizb-i Wahdat, Junbish-i Milli-yi Islami",1994,Asia,2,War,Intrastate,34,90
337,Somalia,Somalia,Government of Somalia,USC/SNA,1994,Africa,1,Minor Conflict,Intrastate,-2,22
347,India,India,Government of India,UNLF,1994,Asia,1,Minor Conflict,Intrastate,34,90
352,Sri Lanka,Sri Lanka,Government of Sri Lanka,LTTE,1994,Asia,1,Minor Conflict,Intrastate,34,90
354,Turkey,Turkey,Government of Turkey,PKK,1994,Middle East,2,War,Intrastate,29,42
364,India,India,Government of India,Kashmir insurgents,1994,Asia,1,Minor Conflict,Intrastate,34,90
365,India,India,Government of India,ULFA,1994,Asia,1,Minor Conflict,Intrastate,34,90
369,Papua New Guinea,Papua New Guinea,Government of Papua New Guinea,BRA,1994,Asia,1,Minor Conflict,Intrastate,34,90
372,Mali,Mali,Government of Mali,FIAA,1994,Africa,1,Minor Conflict,Intrastate,-2,22
373,Niger,Niger,Government of Niger,CRA,1994,Africa,1,Minor Conflict,Intrastate,-2,22
374,Rwanda,Rwanda,Government of Rwanda,FPR,1994,Africa,2,War,Intrastate,-2,22
379,Djibouti,Djibouti,Government of Djibouti,FRUD,1994,Africa,1,Minor Conflict,Intrastate,-2,22
382,Sierra Leone,Sierra Leone,Government of Sierra Leone,RUF,1994,Africa,1,Minor Conflict,Internationalized Intrastate,-2,22
386,Algeria,Algeria,Government of Algeria,"AIS, GIA",1994,Africa,2,War,Intrastate,-2,22
387,Angola,Angola,Government of Angola,"FLEC-FAC, FLEC-R",1994,Africa,1,Minor Conflict,Intrastate,-2,22
388,Azerbaijan,Azerbaijan,Government of Azerbaijan,Republic of Artsakh,1994,Europe,2,War,Intrastate,54,25
389,Bosnia-Herzegovina,Bosnia-Herzegovina,Government of Bosnia-Herzegovina,"Serbian irregulars, Serbian Republic of Bosnia-Herzegovina",1994,Europe,2,War,Intrastate,54,25
390,Croatia,Croatia,Government of Croatia,Serbian Republic of Krajina,1994,Europe,1,Minor Conflict,Intrastate,54,25
391,Egypt,Egypt,Government of Egypt,al-Gama'a al-Islamiyya,1994,Middle East,1,Minor Conflict,Intrastate,29,42
395,Tajikistan,Tajikistan,Government of Tajikistan,UTO,1994,Asia,1,Minor Conflict,Internationalized Intrastate,34,90
397,Bosnia-Herzegovina,Bosnia-Herzegovina,Government of Bosnia-Herzegovina,Autonomous Province of Western Bosnia,1994,Europe,2,War,Intrastate,54,25
398,Bosnia-Herzegovina,Bosnia-Herzegovina,Government of Bosnia-Herzegovina,"Croatian irregulars, Croatian Republic of Bosnia-Herzegovina",1994,Europe,1,Minor Conflict,Intrastate,54,25
400,Mexico,Mexico,Government of Mexico,EZLN,1994,Americas,1,Minor Conflict,Intrastate,-14,-60
401,Russia,Russia (Soviet Union),Government of Russia (Soviet Union),Chechen Republic of Ichkeria,1994,Europe,1,Minor Conflict,Intrastate,54,25
402,Yemen (North Yemen),Yemen (North Yemen),Government of Yemen (North Yemen),Democratic Republic of Yemen,1994,Middle East,2,War,Intrastate,29,42
404,Pakistan,Pakistan,Government of Pakistan,MQM,1994,Asia,1,Minor Conflict,Intrastate,34,90
413,Ethiopia,Ethiopia,Government of Ethiopia,OLF,1994,Africa,1,Minor Conflict,Intrastate,-2,22
421,India,India,Government of India,NDFB,1994,Asia,1,Minor Conflict,Intrastate,34,90
426,Israel,Israel,Government of Israel,Hezbollah,1994,Middle East,1,Minor Conflict,Intrastate,29,42
11475,Myanmar,Myanmar (Burma),Government of Myanmar (Burma),NSCN-K,1995,Asia,1,Minor Conflict,Intrastate,34,90
209,Philippines,Philippines,Government of Philippines,CPP,1995,Asia,1,Minor Conflict,Intrastate,34,90
221,Myanmar,Myanmar (Burma),Government of Myanmar (Burma),KNU,1995,Asia,1,Minor Conflict,Intrastate,34,90
233,Guatemala,Guatemala,Government of Guatemala,URNG,1995,Americas,1,Minor Conflict,Intrastate,-14,-60
234,Israel,Israel,Government of Israel,PIJ,1995,Middle East,1,Minor Conflict,Intrastate,29,42
251,India,India,Government of India,NSCN-IM,1995,Asia,1,Minor Conflict,Intrastate,34,90
259,Iraq,Iraq,Government of Iraq,SCIRI,1995,Middle East,1,Minor Conflict,Intrastate,29,42
264,Myanmar,Myanmar (Burma),Government of Myanmar (Burma),MTA,1995,Asia,1,Minor Conflict,Intrastate,34,90
271,Iraq,Iraq,Government of Iraq,PUK,1995,Middle East,1,Minor Conflict,Intrastate,29,42
287,Burundi,Burundi,Government of Burundi,"CNDD, Palipehutu-FNL",1995,Africa,1,Minor Conflict,Intrastate,-2,22
289,Colombia,Colombia,Government of Colombia,"ELN, FARC",1995,Americas,1,Minor Conflict,Intrastate,-14,-60
292,Peru,Peru,Government of Peru,Sendero Luminoso,1995,Americas,1,Minor Conflict,Intrastate,-14,-60
300,Cambodia (Kampuchea),Cambodia (Kampuchea),Government of Cambodia (Kampuchea),KR,1995,Asia,1,Minor Conflict,Intrastate,34,90
308,Philippines,Philippines,Government of Philippines,ASG,1995,Asia,1,Minor Conflict,Intrastate,34,90
309,Sudan,Sudan,Government of Sudan,SPLM/A,1995,Africa,2,War,Intrastate,-2,22
314,Uganda,Uganda,Government of Uganda,LRA,1995,Africa,1,Minor Conflict,Intrastate,-2,22
327,Angola,Angola,Government of Angola,UNITA,1995,Africa,1,Minor Conflict,Intrastate,-2,22
333,Afghanistan,Afghanistan,Government of Afghanistan,"Hizb-i Islami-yi Afghanistan, Hizb-i Wahdat, Junbish-i Milli-yi Islami, Taleban",1995,Asia,2,War,Intrastate,34,90
337,Somalia,Somalia,Government of Somalia,USC/SNA,1995,Africa,1,Minor Conflict,Intrastate,-2,22
347,India,India,Government of India,PLA,1995,Asia,1,Minor Conflict,Intrastate,34,90
352,Sri Lanka,Sri Lanka,Government of Sri Lanka,LTTE,1995,Asia,2,War,Intrastate,34,90
354,Turkey,Turkey,Government of Turkey,PKK,1995,Middle East,2,War,Intrastate,29,42
364,India,India,Government of India,Kashmir insurgents,1995,Asia,1,Minor Conflict,Intrastate,34,90
365,India,India,Government of India,ULFA,1995,Asia,1,Minor Conflict,Intrastate,34,90
369,Papua New Guinea,Papua New Guinea,Government of Papua New Guinea,BRA,1995,Asia,1,Minor Conflict,Intrastate,34,90
375,Senegal,Senegal,Government of Senegal,MFDC,1995,Africa,1,Minor Conflict,Intrastate,-2,22
382,Sierra Leone,Sierra Leone,Government of Sierra Leone,RUF,1995,Africa,2,War,Internationalized Intrastate,-2,22
386,Algeria,Algeria,Government of Algeria,"AIS, GIA",1995,Africa,2,War,Intrastate,-2,22
387,Angola,Angola,Government of Angola,FLEC-FAC,1995,Africa,1,Minor Conflict,Intrastate,-2,22
389,Bosnia-Herzegovina,Bosnia-Herzegovina,Government of Bosnia-Herzegovina,"Serbian irregulars, Serbian Republic of Bosnia-Herzegovina",1995,Europe,2,War,Intrastate,54,25
390,Croatia,Croatia,Government of Croatia,Serbian Republic of Krajina,1995,Europe,2,War,Intrastate,54,25
391,Egypt,Egypt,Government of Egypt,al-Gama'a al-Islamiyya,1995,Middle East,1,Minor Conflict,Intrastate,29,42
395,Tajikistan,Tajikistan,Government of Tajikistan,UTO,1995,Asia,1,Minor Conflict,Internationalized Intrastate,34,90
396,Azerbaijan,Azerbaijan,Government of Azerbaijan,OPON Forces,1995,Europe,1,Minor Conflict,Intrastate,54,25
397,Bosnia-Herzegovina,Bosnia-Herzegovina,Government of Bosnia-Herzegovina,Autonomous Province of Western Bosnia,1995,Europe,1,Minor Conflict,Intrastate,54,25
401,Russia,Russia (Soviet Union),Government of Russia (Soviet Union),Chechen Republic of Ichkeria,1995,Europe,2,War,Intrastate,54,25
403,Ecuador,"Ecuador, Peru",Government of Ecuador,Government of Peru,1995,Americas,1,Minor Conflict,Interstate,-14,-60
404,Pakistan,Pakistan,Government of Pakistan,MQM,1995,Asia,1,Minor Conflict,Intrastate,34,90
406,Niger,Niger,Government of Niger,FDR,1995,Africa,1,Minor Conflict,Intrastate,-2,22
413,Ethiopia,Ethiopia,Government of Ethiopia,OLF,1995,Africa,1,Minor Conflict,Intrastate,-2,22
426,Israel,Israel,Government of Israel,Hezbollah,1995,Middle East,1,Minor Conflict,Intrastate,29,42
205,Iran,Iran,Government of Iran,KDPI,1996,Middle East,1,Minor Conflict,Intrastate,29,42
218,India,"India, Pakistan",Government of India,Government of Pakistan,1996,Asia,1,Minor Conflict,Interstate,34,90
224,Myanmar,Myanmar (Burma),Government of Myanmar (Burma),BMA,1996,Asia,1,Minor Conflict,Intrastate,34,90
227,India,India,Government of India,PWG,1996,Asia,1,Minor Conflict,Intrastate,34,90
234,Israel,Israel,Government of Israel,PNA,1996,Middle East,1,Minor Conflict,Intrastate,29,42
251,India,India,Government of India,NSCN-IM,1996,Asia,1,Minor Conflict,Intrastate,34,90
253,Myanmar,Myanmar (Burma),Government of Myanmar (Burma),KNPP,1996,Asia,1,Minor Conflict,Intrastate,34,90
259,Iraq,Iraq,Government of Iraq,SCIRI,1996,Middle East,1,Minor Conflict,Intrastate,29,42
264,Myanmar,Myanmar (Burma),Government of Myanmar (Burma),RCSS,1996,Asia,1,Minor Conflict,Intrastate,34,90
269,Nepal,Nepal,Government of Nepal,CPN-M,1996,Asia,1,Minor Conflict,Intrastate,34,90
271,Iraq,Iraq,Government of Iraq,PUK,1996,Middle East,1,Minor Conflict,Intrastate,29,42
283,Democratic Republic of Congo,DR Congo (Zaire),Government of DR Congo (Zaire),AFDL,1996,Africa,2,War,Internationalized Intrastate,-2,22
287,Burundi,Burundi,Government of Burundi,"CNDD, Palipehutu-FNL",1996,Africa,1,Minor Conflict,Intrastate,-2,22
289,Colombia,Colombia,Government of Colombia,"ELN, FARC",1996,Americas,2,War,Intrastate,-14,-60
292,Peru,Peru,Government of Peru,Sendero Luminoso,1996,Americas,1,Minor Conflict,Intrastate,-14,-60
300,Cambodia (Kampuchea),Cambodia (Kampuchea),Government of Cambodia (Kampuchea),KR,1996,Asia,1,Minor Conflict,Intrastate,34,90
308,Philippines,Philippines,Government of Philippines,"ASG, MILF",1996,Asia,1,Minor Conflict,Intrastate,34,90
309,Sudan,Sudan,Government of Sudan,"NDA, SPLM/A",1996,Africa,2,War,Intrastate,-2,22
314,Uganda,Uganda,Government of Uganda,"ADF, LRA, WNBF",1996,Africa,2,War,Intrastate,-2,22
329,Ethiopia,Ethiopia,Government of Ethiopia,"AIAI, ONLF",1996,Africa,1,Minor Conflict,Intrastate,-2,22
333,Afghanistan,Afghanistan,Government of Afghanistan,"Jam'iyyat-i Islami-yi Afghanistan, Taleban, UIFSA",1996,Asia,2,War,Intrastate,34,90
337,Somalia,Somalia,Government of Somalia,USC/SNA,1996,Africa,1,Minor Conflict,Intrastate,-2,22
347,India,India,Government of India,PLA,1996,Asia,1,Minor Conflict,Intrastate,34,90
352,Sri Lanka,Sri Lanka,Government of Sri Lanka,LTTE,1996,Asia,2,War,Intrastate,34,90
354,Turkey,Turkey,Government of Turkey,PKK,1996,Middle East,2,War,Intrastate,29,42
363,Ethiopia,Ethiopia,Government of Ethiopia,ARDUF,1996,Africa,1,Minor Conflict,Intrastate,-2,22
364,India,India,Government of India,Kashmir insurgents,1996,Asia,1,Minor Conflict,Intrastate,34,90
365,India,India,Government of India,ULFA,1996,Asia,1,Minor Conflict,Intrastate,34,90
369,Papua New Guinea,Papua New Guinea,Government of Papua New Guinea,BRA,1996,Asia,1,Minor Conflict,Intrastate,34,90
374,Rwanda,Rwanda,Government of Rwanda,ALiR,1996,Africa,1,Minor Conflict,Intrastate,-2,22
382,Sierra Leone,Sierra Leone,Government of Sierra Leone,RUF,1996,Africa,1,Minor Conflict,Internationalized Intrastate,-2,22
386,Algeria,Algeria,Government of Algeria,"AIS, GIA",1996,Africa,2,War,Intrastate,-2,22
387,Angola,Angola,Government of Angola,FLEC-FAC,1996,Africa,1,Minor Conflict,Intrastate,-2,22
391,Egypt,Egypt,Government of Egypt,al-Gama'a al-Islamiyya,1996,Middle East,1,Minor Conflict,Intrastate,29,42
395,Tajikistan,Tajikistan,Government of Tajikistan,UTO,1996,Asia,2,War,Internationalized Intrastate,34,90
400,Mexico,Mexico,Government of Mexico,EPR,1996,Americas,1,Minor Conflict,Intrastate,-14,-60
401,Russia,Russia (Soviet Union),Government of Russia (Soviet Union),Chechen Republic of Ichkeria,1996,Europe,2,War,Intrastate,54,25
404,Pakistan,Pakistan,Government of Pakistan,MQM,1996,Asia,1,Minor Conflict,Intrastate,34,90
405,Cameroon,"Cameroon, Nigeria",Government of Cameroon,Government of Nigeria,1996,Africa,1,Minor Conflict,Interstate,-2,22
421,India,India,Government of India,NDFB,1996,Asia,1,Minor Conflict,Intrastate,34,90
426,Israel,Israel,Government of Israel,Hezbollah,1996,Middle East,1,Minor Conflict,Intrastate,29,42
209,Philippines,Philippines,Government of Philippines,CPP,1997,Asia,1,Minor Conflict,Intrastate,34,90
218,India,"India, Pakistan",Government of India,Government of Pakistan,1997,Asia,1,Minor Conflict,Interstate,34,90
221,Myanmar,Myanmar (Burma),Government of Myanmar (Burma),KNU,1997,Asia,1,Minor Conflict,Intrastate,34,90
227,India,India,Government of India,PWG,1997,Asia,1,Minor Conflict,Intrastate,34,90
251,India,India,Government of India,NSCN-IM,1997,Asia,1,Minor Conflict,Intrastate,34,90
264,Myanmar,Myanmar (Burma),Government of Myanmar (Burma),RCSS,1997,Asia,1,Minor Conflict,Intrastate,34,90
269,Nepal,Nepal,Government of Nepal,CPN-M,1997,Asia,1,Minor Conflict,Intrastate,34,90
283,Democratic Republic of Congo,DR Congo (Zaire),Government of DR Congo (Zaire),AFDL,1997,Africa,2,War,Internationalized Intrastate,-2,22
287,Burundi,Burundi,Government of Burundi,"CNDD, Frolina, Palipehutu-FNL",1997,Africa,2,War,Intrastate,-2,22
288,Chad,Chad,Government of Chad,"FARF, MDD",1997,Africa,1,Minor Conflict,Intrastate,-2,22
289,Colombia,Colombia,Government of Colombia,"ELN, FARC",1997,Americas,1,Minor Conflict,Intrastate,-14,-60
292,Peru,Peru,Government of Peru,Sendero Luminoso,1997,Americas,1,Minor Conflict,Intrastate,-14,-60
300,Cambodia (Kampuchea),Cambodia (Kampuchea),Government of Cambodia (Kampuchea),"Forces of Norodom Ranariddh, KR, Military faction (Forces of Hun Sen)",1997,Asia,1,Minor Conflict,Intrastate,34,90
308,Philippines,Philippines,Government of Philippines,"ASG, MILF",1997,Asia,1,Minor Conflict,Intrastate,34,90
309,Sudan,Sudan,Government of Sudan,"NDA, SPLM/A",1997,Africa,2,War,Intrastate,-2,22
314,Uganda,Uganda,Government of Uganda,"ADF, LRA, UNRF II",1997,Africa,1,Minor Conflict,Intrastate,-2,22
326,Eritrea,Eritrea,Government of Eritrea,EIJM - AS,1997,Africa,1,Minor Conflict,Intrastate,-2,22
330,Indonesia,Indonesia,Government of Indonesia,CNRT,1997,Asia,1,Minor Conflict,Intrastate,34,90
333,Afghanistan,Afghanistan,Government of Afghanistan,UIFSA,1997,Asia,2,War,Intrastate,34,90
335,India,India,Government of India,"ATTF, NLFT",1997,Asia,1,Minor Conflict,Intrastate,34,90
338,Iran,Iran,Government of Iran,MEK,1997,Middle East,1,Minor Conflict,Intrastate,29,42
352,Sri Lanka,Sri Lanka,Government of Sri Lanka,LTTE,1997,Asia,2,War,Intrastate,34,90
354,Turkey,Turkey,Government of Turkey,PKK,1997,Middle East,2,War,Intrastate,29,42
364,India,India,Government of India,Kashmir insurgents,1997,Asia,1,Minor Conflict,Intrastate,34,90
365,India,India,Government of India,ULFA,1997,Asia,1,Minor Conflict,Intrastate,34,90
374,Rwanda,Rwanda,Government of Rwanda,ALiR,1997,Africa,2,War,Intrastate,-2,22
375,Senegal,Senegal,Government of Senegal,MFDC,1997,Africa,1,Minor Conflict,Intrastate,-2,22
382,Sierra Leone,Sierra Leone,Government of Sierra Leone,"AFRC, Kamajors, RUF",1997,Africa,1,Minor Conflict,Internationalized Intrastate,-2,22
386,Algeria,Algeria,Government of Algeria,"AIS, GIA",1997,Africa,2,War,Intrastate,-2,22
387,Angola,Angola,Government of Angola,"FLEC-FAC, FLEC-R",1997,Africa,1,Minor Conflict,Intrastate,-2,22
388,Azerbaijan,Azerbaijan,Government of Azerbaijan,Republic of Artsakh,1997,Europe,1,Minor Conflict,Internationalized Intrastate,54,25
391,Egypt,Egypt,Government of Egypt,al-Gama'a al-Islamiyya,1997,Middle East,1,Minor Conflict,Intrastate,29,42
395,Tajikistan,Tajikistan,Government of Tajikistan,Forces of Khudoberdiyev,1997,Asia,1,Minor Conflict,Intrastate,34,90
407,Comoros,Comoros,Government of Comoros,MPA/Republic of Anjouan,1997,Africa,1,Minor Conflict,Intrastate,-2,22
408,Congo,Congo,Government of Congo,"Cobras, Cocoyes",1997,Africa,2,War,Internationalized Intrastate,-2,22
421,India,India,Government of India,NDFB,1997,Asia,1,Minor Conflict,Intrastate,34,90
422,Myanmar,Myanmar (Burma),Government of Myanmar (Burma),UWSA,1997,Asia,1,Minor Conflict,Intrastate,34,90
426,Israel,Israel,Government of Israel,Hezbollah,1997,Middle East,1,Minor Conflict,Intrastate,29,42
430,Niger,Niger,Government of Niger,UFRA,1997,Africa,1,Minor Conflict,Intrastate,-2,22
218,India,"India, Pakistan",Government of India,Government of Pakistan,1998,Asia,1,Minor Conflict,Interstate,34,90
221,Myanmar,Myanmar (Burma),Government of Myanmar (Burma),KNU,1998,Asia,1,Minor Conflict,Intrastate,34,90
227,India,India,Government of India,PWG,1998,Asia,1,Minor Conflict,Intrastate,34,90
264,Myanmar,Myanmar (Burma),Government of Myanmar (Burma),RCSS,1998,Asia,1,Minor Conflict,Intrastate,34,90
269,Nepal,Nepal,Government of Nepal,CPN-M,1998,Asia,1,Minor Conflict,Intrastate,34,90
283,Democratic Republic of Congo,DR Congo (Zaire),Government of DR Congo (Zaire),"MLC, RCD",1998,Africa,2,War,Internationalized Intrastate,-2,22
287,Burundi,Burundi,Government of Burundi,"CNDD, CNDD-FDD , Palipehutu-FNL",1998,Africa,1,Minor Conflict,Intrastate,-2,22
288,Chad,Chad,Government of Chad,FARF,1998,Africa,1,Minor Conflict,Intrastate,-2,22
289,Colombia,Colombia,Government of Colombia,"ELN, FARC",1998,Americas,1,Minor Conflict,Intrastate,-14,-60
292,Peru,Peru,Government of Peru,Sendero Luminoso,1998,Americas,1,Minor Conflict,Intrastate,-14,-60
300,Cambodia (Kampuchea),Cambodia (Kampuchea),Government of Cambodia (Kampuchea),"Forces of Norodom Ranariddh, KR",1998,Asia,1,Minor Conflict,Intrastate,34,90
308,Philippines,Philippines,Government of Philippines,"ASG, MILF",1998,Asia,1,Minor Conflict,Intrastate,34,90
309,Sudan,Sudan,Government of Sudan,"NDA, SPLM/A",1998,Africa,2,War,Intrastate,-2,22
314,Uganda,Uganda,Government of Uganda,"ADF, LRA",1998,Africa,1,Minor Conflict,Intrastate,-2,22
315,United Kingdom,United Kingdom,Government of United Kingdom,RIRA,1998,Europe,1,Minor Conflict,Intrastate,54,25
327,Angola,Angola,Government of Angola,UNITA,1998,Africa,2,War,Intrastate,-2,22
329,Ethiopia,Ethiopia,Government of Ethiopia,ONLF,1998,Africa,1,Minor Conflict,Intrastate,-2,22
330,Indonesia,Indonesia,Government of Indonesia,CNRT,1998,Asia,1,Minor Conflict,Intrastate,34,90
333,Afghanistan,Afghanistan,Government of Afghanistan,UIFSA,1998,Asia,2,War,Intrastate,34,90
347,India,India,Government of India,PLA,1998,Asia,1,Minor Conflict,Intrastate,34,90
352,Sri Lanka,Sri Lanka,Government of Sri Lanka,LTTE,1998,Asia,2,War,Intrastate,34,90
354,Turkey,Turkey,Government of Turkey,PKK,1998,Middle East,2,War,Intrastate,29,42
364,India,India,Government of India,Kashmir insurgents,1998,Asia,1,Minor Conflict,Intrastate,34,90
365,India,India,Government of India,ULFA,1998,Asia,1,Minor Conflict,Intrastate,34,90
374,Rwanda,Rwanda,Government of Rwanda,ALiR,1998,Africa,2,War,Intrastate,-2,22
375,Senegal,Senegal,Government of Senegal,MFDC,1998,Africa,1,Minor Conflict,Intrastate,-2,22
382,Sierra Leone,Sierra Leone,Government of Sierra Leone,"AFRC, Kamajors, RUF",1998,Africa,2,War,Internationalized Intrastate,-2,22
386,Algeria,Algeria,Government of Algeria,GIA,1998,Africa,2,War,Intrastate,-2,22
387,Angola,Angola,Government of Angola,FLEC-FAC,1998,Africa,1,Minor Conflict,Intrastate,-2,22
388,Azerbaijan,Azerbaijan,Government of Azerbaijan,Republic of Artsakh,1998,Europe,1,Minor Conflict,Internationalized Intrastate,54,25
391,Egypt,Egypt,Government of Egypt,al-Gama'a al-Islamiyya,1998,Middle East,1,Minor Conflict,Intrastate,29,42
395,Tajikistan,Tajikistan,Government of Tajikistan,"Forces of Khudoberdiyev, UTO",1998,Asia,1,Minor Conflict,Intrastate,34,90
408,Congo,Congo,Government of Congo,"Cocoyes, Ninjas, Ntsiloulous",1998,Africa,2,War,Internationalized Intrastate,-2,22
409,Eritrea,"Eritrea, Ethiopia",Government of Eritrea,Government of Ethiopia,1998,Africa,2,War,Interstate,-2,22
410,Guinea-Bissau,Guinea-Bissau,Government of Guinea-Bissau,"Military Junta for the Consolidation of Democracy, Peace and Justice",1998,Africa,1,Minor Conflict,Internationalized Intrastate,-2,22
411,Lesotho,Lesotho,Government of Lesotho,Military faction (Lesotho),1998,Africa,1,Minor Conflict,Internationalized Intrastate,-2,22
412,Serbia,Serbia (Yugoslavia),Government of Serbia (Yugoslavia),UCK,1998,Europe,2,War,Intrastate,54,25
413,Ethiopia,Ethiopia,Government of Ethiopia,OLF,1998,Africa,1,Minor Conflict,Intrastate,-2,22
421,India,India,Government of India,NDFB,1998,Asia,1,Minor Conflict,Intrastate,34,90
426,Israel,Israel,Government of Israel,Hezbollah,1998,Middle East,1,Minor Conflict,Intrastate,29,42
209,Philippines,Philippines,Government of Philippines,CPP,1999,Asia,1,Minor Conflict,Intrastate,34,90
218,India,"India, Pakistan",Government of India,Government of Pakistan,1999,Asia,1,Minor Conflict,Interstate,34,90
227,India,India,Government of India,"MCC, PWG",1999,Asia,1,Minor Conflict,Intrastate,34,90
264,Myanmar,Myanmar (Burma),Government of Myanmar (Burma),RCSS,1999,Asia,1,Minor Conflict,Intrastate,34,90
269,Nepal,Nepal,Government of Nepal,CPN-M,1999,Asia,1,Minor Conflict,Intrastate,34,90
283,Democratic Republic of Congo,DR Congo (Zaire),Government of DR Congo (Zaire),"MLC, RCD",1999,Africa,2,War,Internationalized Intrastate,-2,22
287,Burundi,Burundi,Government of Burundi,"CNDD-FDD , Palipehutu-FNL",1999,Africa,1,Minor Conflict,Intrastate,-2,22
288,Chad,Chad,Government of Chad,MDJT,1999,Africa,1,Minor Conflict,Intrastate,-2,22
289,Colombia,Colombia,Government of Colombia,"ELN, FARC",1999,Americas,2,War,Intrastate,-14,-60
292,Peru,Peru,Government of Peru,Sendero Luminoso,1999,Americas,1,Minor Conflict,Intrastate,-14,-60
308,Philippines,Philippines,Government of Philippines,MILF,1999,Asia,1,Minor Conflict,Intrastate,34,90
309,Sudan,Sudan,Government of Sudan,"NDA, SPLM/A",1999,Africa,2,War,Intrastate,-2,22
314,Uganda,Uganda,Government of Uganda,ADF,1999,Africa,1,Minor Conflict,Intrastate,-2,22
326,Eritrea,Eritrea,Government of Eritrea,EIJM - AS,1999,Africa,1,Minor Conflict,Intrastate,-2,22
327,Angola,Angola,Government of Angola,UNITA,1999,Africa,2,War,Internationalized Intrastate,-2,22
329,Ethiopia,Ethiopia,Government of Ethiopia,"AIAI, ONLF",1999,Africa,1,Minor Conflict,Intrastate,-2,22
330,Indonesia,Indonesia,Government of Indonesia,CNRT,1999,Asia,1,Minor Conflict,Intrastate,34,90
333,Afghanistan,Afghanistan,Government of Afghanistan,UIFSA,1999,Asia,2,War,Intrastate,34,90
335,India,India,Government of India,NLFT,1999,Asia,1,Minor Conflict,Intrastate,34,90
338,Iran,Iran,Government of Iran,MEK,1999,Middle East,1,Minor Conflict,Intrastate,29,42
347,India,India,Government of India,UNLF,1999,Asia,1,Minor Conflict,Intrastate,34,90
352,Sri Lanka,Sri Lanka,Government of Sri Lanka,LTTE,1999,Asia,2,War,Intrastate,34,90
354,Turkey,Turkey,Government of Turkey,PKK,1999,Middle East,2,War,Intrastate,29,42
364,India,India,Government of India,Kashmir insurgents,1999,Asia,1,Minor Conflict,Intrastate,34,90
365,India,India,Government of India,ULFA,1999,Asia,1,Minor Conflict,Intrastate,34,90
366,Indonesia,Indonesia,Government of Indonesia,GAM,1999,Asia,1,Minor Conflict,Intrastate,34,90
374,Rwanda,Rwanda,Government of Rwanda,ALiR,1999,Africa,1,Minor Conflict,Intrastate,-2,22
379,Djibouti,Djibouti,Government of Djibouti,FRUD-C,1999,Africa,1,Minor Conflict,Intrastate,-2,22
382,Sierra Leone,Sierra Leone,Government of Sierra Leone,"AFRC, RUF",1999,Africa,2,War,Internationalized Intrastate,-2,22
386,Algeria,Algeria,Government of Algeria,"AQIM, GIA",1999,Africa,2,War,Intrastate,-2,22
401,Russia,Russia (Soviet Union),Government of Russia (Soviet Union),Chechen Republic of Ichkeria,1999,Europe,2,War,Intrastate,54,25
408,Congo,Congo,Government of Congo,"Cocoyes, Ntsiloulous",1999,Africa,1,Minor Conflict,Internationalized Intrastate,-2,22
409,Eritrea,"Eritrea, Ethiopia",Government of Eritrea,Government of Ethiopia,1999,Africa,2,War,Interstate,-2,22
410,Guinea-Bissau,Guinea-Bissau,Government of Guinea-Bissau,"Military Junta for the Consolidation of Democracy, Peace and Justice",1999,Africa,1,Minor Conflict,Internationalized Intrastate,-2,22
412,Serbia,Serbia (Yugoslavia),Government of Serbia (Yugoslavia),UCK,1999,Europe,2,War,Internationalized Intrastate,54,25
413,Ethiopia,Ethiopia,Government of Ethiopia,OLF,1999,Africa,1,Minor Conflict,Intrastate,-2,22
414,Russia,Russia (Soviet Union),Government of Russia (Soviet Union),Wahhabi movement of the Buinaksk district,1999,Europe,1,Minor Conflict,Intrastate,54,25
415,Uzbekistan,Uzbekistan,Government of Uzbekistan,IMU,1999,Asia,1,Minor Conflict,Intrastate,34,90
421,India,India,Government of India,NDFB,1999,Asia,1,Minor Conflict,Intrastate,34,90
426,Israel,Israel,Government of Israel,Hezbollah,1999,Middle East,1,Minor Conflict,Intrastate,29,42
11475,Myanmar,Myanmar (Burma),Government of Myanmar (Burma),NSCN-K,2000,Asia,1,Minor Conflict,Intrastate,34,90
209,Philippines,Philippines,Government of Philippines,CPP,2000,Asia,1,Minor Conflict,Intrastate,34,90
218,India,"India, Pakistan",Government of India,Government of Pakistan,2000,Asia,1,Minor Conflict,Interstate,34,90
221,Myanmar,Myanmar (Burma),Government of Myanmar (Burma),"God's Army, KNU",2000,Asia,1,Minor Conflict,Intrastate,34,90
227,India,India,Government of India,"CPI-ML-J, MCC, PWG",2000,Asia,1,Minor Conflict,Intrastate,34,90
234,Israel,Israel,Government of Israel,"Fatah, PNA",2000,Middle East,1,Minor Conflict,Intrastate,29,42
251,India,India,Government of India,NSCN-IM,2000,Asia,1,Minor Conflict,Intrastate,34,90
264,Myanmar,Myanmar (Burma),Government of Myanmar (Burma),RCSS,2000,Asia,1,Minor Conflict,Intrastate,34,90
269,Nepal,Nepal,Government of Nepal,CPN-M,2000,Asia,1,Minor Conflict,Intrastate,34,90
283,Democratic Republic of Congo,DR Congo (Zaire),Government of DR Congo (Zaire),"MLC, RCD",2000,Africa,2,War,Internationalized Intrastate,-2,22
287,Burundi,Burundi,Government of Burundi,"CNDD-FDD , Palipehutu-FNL",2000,Africa,2,War,Intrastate,-2,22
288,Chad,Chad,Government of Chad,MDJT,2000,Africa,2,War,Intrastate,-2,22
289,Colombia,Colombia,Government of Colombia,"ELN, EPL - Megateo, FARC",2000,Americas,2,War,Intrastate,-14,-60
307,Guinea,Guinea,Government of Guinea,RFDG,2000,Africa,1,Minor Conflict,Intrastate,-2,22
308,Philippines,Philippines,Government of Philippines,"ASG, MILF",2000,Asia,2,War,Intrastate,34,90
309,Sudan,Sudan,Government of Sudan,"NDA, SPLM/A",2000,Africa,2,War,Intrastate,-2,22
314,Uganda,Uganda,Government of Uganda,"ADF, LRA",2000,Africa,1,Minor Conflict,Intrastate,-2,22
327,Angola,Angola,Government of Angola,UNITA,2000,Africa,2,War,Internationalized Intrastate,-2,22
329,Ethiopia,Ethiopia,Government of Ethiopia,ONLF,2000,Africa,1,Minor Conflict,Intrastate,-2,22
333,Afghanistan,Afghanistan,Government of Afghanistan,UIFSA,2000,Asia,2,War,Intrastate,34,90
335,India,India,Government of India,NLFT,2000,Asia,1,Minor Conflict,Intrastate,34,90
338,Iran,Iran,Government of Iran,MEK,2000,Middle East,1,Minor Conflict,Intrastate,29,42
341,Liberia,Liberia,Government of Liberia,LURD,2000,Africa,1,Minor Conflict,Intrastate,-2,22
347,India,India,Government of India,"PLA, UNLF",2000,Asia,1,Minor Conflict,Intrastate,34,90
352,Sri Lanka,Sri Lanka,Government of Sri Lanka,LTTE,2000,Asia,2,War,Intrastate,34,90
354,Turkey,Turkey,Government of Turkey,PKK,2000,Middle East,1,Minor Conflict,Intrastate,29,42
364,India,India,Government of India,Kashmir insurgents,2000,Asia,2,War,Intrastate,34,90
365,India,India,Government of India,ULFA,2000,Asia,1,Minor Conflict,Intrastate,34,90
366,Indonesia,Indonesia,Government of Indonesia,GAM,2000,Asia,1,Minor Conflict,Intrastate,34,90
374,Rwanda,Rwanda,Government of Rwanda,ALiR,2000,Africa,1,Minor Conflict,Intrastate,-2,22
375,Senegal,Senegal,Government of Senegal,MFDC,2000,Africa,1,Minor Conflict,Intrastate,-2,22
382,Sierra Leone,Sierra Leone,Government of Sierra Leone,"RUF, WSB",2000,Africa,1,Minor Conflict,Internationalized Intrastate,-2,22
383,Turkey,Turkey,Government of Turkey,TKP-ML,2000,Middle East,1,Minor Conflict,Intrastate,29,42
386,Algeria,Algeria,Government of Algeria,"AQIM, GIA",2000,Africa,1,Minor Conflict,Intrastate,-2,22
395,Tajikistan,Tajikistan,Government of Tajikistan,Forces of Mullo Abdullo,2000,Asia,1,Minor Conflict,Intrastate,34,90
401,Russia,Russia (Soviet Union),Government of Russia (Soviet Union),Chechen Republic of Ichkeria,2000,Europe,2,War,Intrastate,54,25
409,Eritrea,"Eritrea, Ethiopia",Government of Eritrea,Government of Ethiopia,2000,Africa,2,War,Interstate,-2,22
413,Ethiopia,Ethiopia,Government of Ethiopia,OLF,2000,Africa,1,Minor Conflict,Intrastate,-2,22
415,Uzbekistan,Uzbekistan,Government of Uzbekistan,IMU,2000,Asia,1,Minor Conflict,Internationalized Intrastate,34,90
426,Israel,Israel,Government of Israel,Hezbollah,2000,Middle East,1,Minor Conflict,Intrastate,29,42
11475,Myanmar,Myanmar (Burma),Government of Myanmar (Burma),NSCN-K,2001,Asia,1,Minor Conflict,Intrastate,34,90
209,Philippines,Philippines,Government of Philippines,CPP,2001,Asia,1,Minor Conflict,Intrastate,34,90
218,India,"India, Pakistan",Government of India,Government of Pakistan,2001,Asia,1,Minor Conflict,Interstate,34,90
221,Myanmar,Myanmar (Burma),Government of Myanmar (Burma),KNU,2001,Asia,1,Minor Conflict,Intrastate,34,90
227,India,India,Government of India,"MCC, PWG",2001,Asia,1,Minor Conflict,Intrastate,34,90
234,Israel,Israel,Government of Israel,"Fatah, Hamas, PFLP, PIJ, PNA",2001,Middle East,1,Minor Conflict,Intrastate,29,42
264,Myanmar,Myanmar (Burma),Government of Myanmar (Burma),RCSS,2001,Asia,1,Minor Conflict,Intrastate,34,90
269,Nepal,Nepal,Government of Nepal,CPN-M,2001,Asia,1,Minor Conflict,Intrastate,34,90
283,Democratic Republic of Congo,DR Congo (Zaire),Government of DR Congo (Zaire),RCD,2001,Africa,1,Minor Conflict,Internationalized Intrastate,-2,22
287,Burundi,Burundi,Government of Burundi,"CNDD-FDD , Palipehutu-FNL",2001,Africa,2,War,Intrastate,-2,22
288,Chad,Chad,Government of Chad,MDJT,2001,Africa,1,Minor Conflict,Intrastate,-2,22
289,Colombia,Colombia,Government of Colombia,"ELN, FARC",2001,Americas,2,War,Intrastate,-14,-60
307,Guinea,Guinea,Government of Guinea,RFDG,2001,Africa,1,Minor Conflict,Intrastate,-2,22
308,Philippines,Philippines,Government of Philippines,"ASG, MILF, MNLF - NM",2001,Asia,1,Minor Conflict,Intrastate,34,90
309,Sudan,Sudan,Government of Sudan,"NDA, SPLM/A",2001,Africa,2,War,Intrastate,-2,22
314,Uganda,Uganda,Government of Uganda,"ADF, LRA",2001,Africa,1,Minor Conflict,Intrastate,-2,22
327,Angola,Angola,Government of Angola,UNITA,2001,Africa,2,War,Internationalized Intrastate,-2,22
329,Ethiopia,Ethiopia,Government of Ethiopia,ONLF,2001,Africa,1,Minor Conflict,Intrastate,-2,22
333,Afghanistan,Afghanistan,Government of Afghanistan,UIFSA,2001,Asia,2,War,Internationalized Intrastate,34,90
335,India,India,Government of India,NLFT,2001,Asia,1,Minor Conflict,Intrastate,34,90
337,Somalia,Somalia,Government of Somalia,SRRC,2001,Africa,1,Minor Conflict,Intrastate,-2,22
338,Iran,Iran,Government of Iran,MEK,2001,Middle East,1,Minor Conflict,Intrastate,29,42
341,Liberia,Liberia,Government of Liberia,LURD,2001,Africa,1,Minor Conflict,Intrastate,-2,22
352,Sri Lanka,Sri Lanka,Government of Sri Lanka,LTTE,2001,Asia,2,War,Intrastate,34,90
354,Turkey,Turkey,Government of Turkey,PKK,2001,Middle East,1,Minor Conflict,Intrastate,29,42
364,India,India,Government of India,Kashmir insurgents,2001,Asia,1,Minor Conflict,Intrastate,34,90
365,India,India,Government of India,ULFA,2001,Asia,1,Minor Conflict,Intrastate,34,90
366,Indonesia,Indonesia,Government of Indonesia,GAM,2001,Asia,1,Minor Conflict,Intrastate,34,90
374,Rwanda,Rwanda,Government of Rwanda,FDLR-FOCA,2001,Africa,2,War,Intrastate,-2,22
375,Senegal,Senegal,Government of Senegal,MFDC,2001,Africa,1,Minor Conflict,Intrastate,-2,22
382,Sierra Leone,Sierra Leone,Government of Sierra Leone,RUF,2001,Africa,1,Minor Conflict,Intrastate,-2,22
386,Algeria,Algeria,Government of Algeria,"AQIM, GIA",2001,Africa,1,Minor Conflict,Intrastate,-2,22
401,Russia,Russia (Soviet Union),Government of Russia (Soviet Union),Chechen Republic of Ichkeria,2001,Europe,1,Minor Conflict,Intrastate,54,25
413,Ethiopia,Ethiopia,Government of Ethiopia,OLF,2001,Africa,1,Minor Conflict,Intrastate,-2,22
416,Central African Republic,Central African Republic,Government of Central African Republic,Military faction (forces of André Kolingba),2001,Africa,1,Minor Conflict,Internationalized Intrastate,-2,22
417,North Macedonia,North Macedonia,Government of North Macedonia,UCK,2001,Europe,1,Minor Conflict,Intrastate,54,25
418,United States of America,United States of America,Government of United States of America,al-Qaida,2001,Americas,2,War,Internationalized Intrastate,-14,-60
421,India,India,Government of India,NDFB,2001,Asia,1,Minor Conflict,Intrastate,34,90
209,Philippines,Philippines,Government of Philippines,CPP,2002,Asia,1,Minor Conflict,Intrastate,34,90
218,India,"India, Pakistan",Government of India,Government of Pakistan,2002,Asia,1,Minor Conflict,Interstate,34,90
221,Myanmar,Myanmar (Burma),Government of Myanmar (Burma),KNU,2002,Asia,1,Minor Conflict,Intrastate,34,90
227,India,India,Government of India,"MCC, PWG",2002,Asia,1,Minor Conflict,Intrastate,34,90
234,Israel,Israel,Government of Israel,"AMB, Fatah, Hamas, PIJ, PNA",2002,Middle East,1,Minor Conflict,Intrastate,29,42
264,Myanmar,Myanmar (Burma),Government of Myanmar (Burma),RCSS,2002,Asia,1,Minor Conflict,Intrastate,34,90
269,Nepal,Nepal,Government of Nepal,CPN-M,2002,Asia,2,War,Intrastate,34,90
287,Burundi,Burundi,Government of Burundi,"CNDD-FDD , Palipehutu-FNL",2002,Africa,2,War,Intrastate,-2,22
288,Chad,Chad,Government of Chad,MDJT,2002,Africa,1,Minor Conflict,Intrastate,-2,22
289,Colombia,Colombia,Government of Colombia,"ELN, EPL - Megateo, FARC",2002,Americas,2,War,Intrastate,-14,-60
308,Philippines,Philippines,Government of Philippines,"ASG, MILF",2002,Asia,1,Minor Conflict,Intrastate,34,90
309,Sudan,Sudan,Government of Sudan,SPLM/A,2002,Africa,2,War,Intrastate,-2,22
314,Uganda,Uganda,Government of Uganda,"ADF, LRA",2002,Africa,2,War,Intrastate,-2,22
327,Angola,Angola,Government of Angola,UNITA,2002,Africa,1,Minor Conflict,Internationalized Intrastate,-2,22
329,Ethiopia,Ethiopia,Government of Ethiopia,ONLF,2002,Africa,1,Minor Conflict,Intrastate,-2,22
333,Afghanistan,Afghanistan,Government of Afghanistan,Hizb-i Islami-yi Afghanistan,2002,Asia,1,Minor Conflict,Intrastate,34,90
335,India,India,Government of India,NLFT,2002,Asia,1,Minor Conflict,Intrastate,34,90
337,Somalia,Somalia,Government of Somalia,SRRC,2002,Africa,1,Minor Conflict,Intrastate,-2,22
341,Liberia,Liberia,Government of Liberia,LURD,2002,Africa,1,Minor Conflict,Intrastate,-2,22
354,Turkey,Turkey,Government of Turkey,PKK,2002,Middle East,1,Minor Conflict,Intrastate,29,42
364,India,India,Government of India,Kashmir insurgents,2002,Asia,2,War,Intrastate,34,90
365,India,India,Government of India,ULFA,2002,Asia,1,Minor Conflict,Intrastate,34,90
366,Indonesia,Indonesia,Government of Indonesia,GAM,2002,Asia,1,Minor Conflict,Intrastate,34,90
374,Rwanda,Rwanda,Government of Rwanda,FDLR-FOCA,2002,Africa,1,Minor Conflict,Intrastate,-2,22
386,Algeria,Algeria,Government of Algeria,"AQIM, GIA",2002,Africa,1,Minor Conflict,Intrastate,-2,22
387,Angola,Angola,Government of Angola,"FLEC-FAC, FLEC-R",2002,Africa,1,Minor Conflict,Intrastate,-2,22
401,Russia,Russia (Soviet Union),Government of Russia (Soviet Union),Chechen Republic of Ichkeria,2002,Europe,2,War,Intrastate,54,25
408,Congo,Congo,Government of Congo,Ntsiloulous,2002,Africa,1,Minor Conflict,Internationalized Intrastate,-2,22
413,Ethiopia,Ethiopia,Government of Ethiopia,OLF,2002,Africa,1,Minor Conflict,Intrastate,-2,22
416,Central African Republic,Central African Republic,Government of Central African Republic,Forces of Francois Bozize,2002,Africa,1,Minor Conflict,Intrastate,-2,22
418,United States of America,United States of America,Government of United States of America,al-Qaida,2002,Americas,1,Minor Conflict,Internationalized Intrastate,-14,-60
419,Ivory Coast,Ivory Coast,Government of Ivory Coast,"MPCI, MPIGO",2002,Africa,1,Minor Conflict,Intrastate,-2,22
421,India,India,Government of India,NDFB,2002,Asia,1,Minor Conflict,Intrastate,34,90
209,Philippines,Philippines,Government of Philippines,CPP,2003,Asia,1,Minor Conflict,Intrastate,34,90
218,India,"India, Pakistan",Government of India,Government of Pakistan,2003,Asia,1,Minor Conflict,Interstate,34,90
221,Myanmar,Myanmar (Burma),Government of Myanmar (Burma),KNU,2003,Asia,1,Minor Conflict,Intrastate,34,90
227,India,India,Government of India,"MCC, PWG",2003,Asia,1,Minor Conflict,Intrastate,34,90
234,Israel,Israel,Government of Israel,"AMB, Hamas, PIJ",2003,Middle East,1,Minor Conflict,Intrastate,29,42
269,Nepal,Nepal,Government of Nepal,CPN-M,2003,Asia,2,War,Intrastate,34,90
287,Burundi,Burundi,Government of Burundi,"CNDD-FDD , Palipehutu-FNL",2003,Africa,1,Minor Conflict,Intrastate,-2,22
288,Chad,Chad,Government of Chad,MDJT,2003,Africa,1,Minor Conflict,Intrastate,-2,22
289,Colombia,Colombia,Government of Colombia,"ELN, FARC",2003,Americas,2,War,Intrastate,-14,-60
308,Philippines,Philippines,Government of Philippines,"ASG, MILF",2003,Asia,1,Minor Conflict,Intrastate,34,90
309,Sudan,Sudan,Government of Sudan,"JEM, SLM/A, SPLM/A",2003,Africa,2,War,Internationalized Intrastate,-2,22
314,Uganda,Uganda,Government of Uganda,LRA,2003,Africa,1,Minor Conflict,Intrastate,-2,22
326,Eritrea,Eritrea,Government of Eritrea,EIJM - AS,2003,Africa,1,Minor Conflict,Intrastate,-2,22
329,Ethiopia,Ethiopia,Government of Ethiopia,ONLF,2003,Africa,1,Minor Conflict,Intrastate,-2,22
333,Afghanistan,Afghanistan,Government of Afghanistan,"Hizb-i Islami-yi Afghanistan, Taleban",2003,Asia,1,Minor Conflict,Internationalized Intrastate,34,90
335,India,India,Government of India,NLFT,2003,Asia,1,Minor Conflict,Intrastate,34,90
341,Liberia,Liberia,Government of Liberia,"LURD, MODEL",2003,Africa,2,War,Intrastate,-2,22
347,India,India,Government of India,UNLF,2003,Asia,1,Minor Conflict,Intrastate,34,90
352,Sri Lanka,Sri Lanka,Government of Sri Lanka,LTTE,2003,Asia,1,Minor Conflict,Intrastate,34,90
354,Turkey,Turkey,Government of Turkey,PKK,2003,Middle East,1,Minor Conflict,Intrastate,29,42
364,India,India,Government of India,Kashmir insurgents,2003,Asia,2,War,Intrastate,34,90
365,India,India,Government of India,ULFA,2003,Asia,1,Minor Conflict,Intrastate,34,90
366,Indonesia,Indonesia,Government of Indonesia,GAM,2003,Asia,1,Minor Conflict,Intrastate,34,90
375,Senegal,Senegal,Government of Senegal,MFDC,2003,Africa,1,Minor Conflict,Intrastate,-2,22
386,Algeria,Algeria,Government of Algeria,"AQIM, GIA",2003,Africa,1,Minor Conflict,Intrastate,-2,22
387,Angola,Angola,Government of Angola,FLEC-FAC,2003,Africa,1,Minor Conflict,Intrastate,-2,22
401,Russia,Russia (Soviet Union),Government of Russia (Soviet Union),Chechen Republic of Ichkeria,2003,Europe,1,Minor Conflict,Intrastate,54,25
413,Ethiopia,Ethiopia,Government of Ethiopia,OLF,2003,Africa,1,Minor Conflict,Intrastate,-2,22
418,United States of America,United States of America,Government of United States of America,al-Qaida,2003,Americas,1,Minor Conflict,Internationalized Intrastate,-14,-60
419,Ivory Coast,Ivory Coast,Government of Ivory Coast,"MJP, MPIGO",2003,Africa,1,Minor Conflict,Intrastate,-2,22
421,India,India,Government of India,NDFB,2003,Asia,1,Minor Conflict,Intrastate,34,90
423,Thailand,Thailand,Government of Thailand,Patani insurgents,2003,Asia,1,Minor Conflict,Intrastate,34,90
209,Philippines,Philippines,Government of Philippines,CPP,2004,Asia,1,Minor Conflict,Intrastate,34,90
221,Myanmar,Myanmar (Burma),Government of Myanmar (Burma),KNU,2004,Asia,1,Minor Conflict,Intrastate,34,90
227,India,India,Government of India,"MCC, PWG",2004,Asia,1,Minor Conflict,Intrastate,34,90
234,Israel,Israel,Government of Israel,"AMB, Hamas, PIJ",2004,Middle East,1,Minor Conflict,Intrastate,29,42
259,Iraq,Iraq,Government of Iraq,"al-Mahdi Army, Ansar al-Islam, IS",2004,Middle East,2,War,Internationalized Intrastate,29,42
269,Nepal,Nepal,Government of Nepal,CPN-M,2004,Asia,2,War,Intrastate,34,90
287,Burundi,Burundi,Government of Burundi,Palipehutu-FNL,2004,Africa,1,Minor Conflict,Intrastate,-2,22
289,Colombia,Colombia,Government of Colombia,"ELN, EPL - Megateo, FARC",2004,Americas,2,War,Intrastate,-14,-60
308,Philippines,Philippines,Government of Philippines,"ASG, MILF",2004,Asia,1,Minor Conflict,Intrastate,34,90
309,Sudan,Sudan,Government of Sudan,"JEM, SLM/A, SPLM/A",2004,Africa,2,War,Intrastate,-2,22
314,Uganda,Uganda,Government of Uganda,LRA,2004,Africa,2,War,Intrastate,-2,22
325,Pakistan,Pakistan,Government of Pakistan,BLA,2004,Asia,1,Minor Conflict,Intrastate,34,90
329,Ethiopia,Ethiopia,Government of Ethiopia,ONLF,2004,Africa,1,Minor Conflict,Intrastate,-2,22
333,Afghanistan,Afghanistan,Government of Afghanistan,Taleban,2004,Asia,1,Minor Conflict,Internationalized Intrastate,34,90
335,India,India,Government of India,NLFT-B,2004,Asia,1,Minor Conflict,Intrastate,34,90
347,India,India,Government of India,"PLA, UNLF",2004,Asia,1,Minor Conflict,Intrastate,34,90
354,Turkey,Turkey,Government of Turkey,PKK,2004,Middle East,1,Minor Conflict,Intrastate,29,42
364,India,India,Government of India,Kashmir insurgents,2004,Asia,2,War,Intrastate,34,90
365,India,India,Government of India,ULFA,2004,Asia,1,Minor Conflict,Intrastate,34,90
366,Indonesia,Indonesia,Government of Indonesia,GAM,2004,Asia,1,Minor Conflict,Intrastate,34,90
381,Haiti,Haiti,Government of Haiti,"FLRN, OP Lavalas",2004,Americas,1,Minor Conflict,Intrastate,-14,-60
386,Algeria,Algeria,Government of Algeria,AQIM,2004,Africa,1,Minor Conflict,Internationalized Intrastate,-2,22
387,Angola,Angola,Government of Angola,FLEC-FAC,2004,Africa,1,Minor Conflict,Intrastate,-2,22
393,Georgia,Georgia,Government of Georgia,Republic of South Ossetia,2004,Europe,1,Minor Conflict,Intrastate,54,25
401,Russia,Russia (Soviet Union),Government of Russia (Soviet Union),Chechen Republic of Ichkeria,2004,Europe,2,War,Intrastate,54,25
413,Ethiopia,Ethiopia,Government of Ethiopia,OLF,2004,Africa,1,Minor Conflict,Intrastate,-2,22
415,Uzbekistan,Uzbekistan,Government of Uzbekistan,JIG,2004,Asia,1,Minor Conflict,Intrastate,34,90
418,United States of America,United States of America,Government of United States of America,al-Qaida,2004,Americas,1,Minor Conflict,Internationalized Intrastate,-14,-60
419,Ivory Coast,Ivory Coast,Government of Ivory Coast,FRCI,2004,Africa,1,Minor Conflict,Intrastate,-2,22
421,India,India,Government of India,NDFB,2004,Asia,1,Minor Conflict,Intrastate,34,90
423,Thailand,Thailand,Government of Thailand,Patani insurgents,2004,Asia,1,Minor Conflict,Intrastate,34,90
424,Nigeria,Nigeria,Government of Nigeria,Ahlul Sunnah Jamaa,2004,Africa,1,Minor Conflict,Intrastate,-2,22
425,Nigeria,Nigeria,Government of Nigeria,NDPVF,2004,Africa,1,Minor Conflict,Intrastate,-2,22
11350,Bangladesh,Bangladesh,Government of Bangladesh,"PBCP, PBCP-J",2005,Asia,1,Minor Conflict,Intrastate,34,90
11475,Myanmar,Myanmar (Burma),Government of Myanmar (Burma),NSCN-K,2005,Asia,1,Minor Conflict,Intrastate,34,90
209,Philippines,Philippines,Government of Philippines,CPP,2005,Asia,1,Minor Conflict,Intrastate,34,90
221,Myanmar,Myanmar (Burma),Government of Myanmar (Burma),KNU,2005,Asia,1,Minor Conflict,Intrastate,34,90
227,India,India,Government of India,CPI-Maoist,2005,Asia,1,Minor Conflict,Intrastate,34,90
234,Israel,Israel,Government of Israel,"Fatah, Hamas, PIJ",2005,Middle East,1,Minor Conflict,Intrastate,29,42
253,Myanmar,Myanmar (Burma),Government of Myanmar (Burma),KNPP,2005,Asia,1,Minor Conflict,Intrastate,34,90
259,Iraq,Iraq,Government of Iraq,"Ansar al-Islam, IS, RJF",2005,Middle East,2,War,Internationalized Intrastate,29,42
264,Myanmar,Myanmar (Burma),Government of Myanmar (Burma),RCSS,2005,Asia,1,Minor Conflict,Intrastate,34,90
269,Nepal,Nepal,Government of Nepal,CPN-M,2005,Asia,2,War,Intrastate,34,90
283,Democratic Republic of Congo,DR Congo (Zaire),Government of DR Congo (Zaire),RNL,2005,Africa,1,Minor Conflict,Intrastate,-2,22
287,Burundi,Burundi,Government of Burundi,Palipehutu-FNL,2005,Africa,1,Minor Conflict,Intrastate,-2,22
288,Chad,Chad,Government of Chad,FUCD,2005,Africa,1,Minor Conflict,Intrastate,-2,22
289,Colombia,Colombia,Government of Colombia,"ELN, FARC",2005,Americas,2,War,Intrastate,-14,-60
308,Philippines,Philippines,Government of Philippines,"ASG, MILF, MNLF - NM",2005,Asia,1,Minor Conflict,Intrastate,34,90
309,Sudan,Sudan,Government of Sudan,SLM/A,2005,Africa,1,Minor Conflict,Intrastate,-2,22
314,Uganda,Uganda,Government of Uganda,LRA,2005,Africa,1,Minor Conflict,Internationalized Intrastate,-2,22
329,Ethiopia,Ethiopia,Government of Ethiopia,ONLF,2005,Africa,1,Minor Conflict,Intrastate,-2,22
333,Afghanistan,Afghanistan,Government of Afghanistan,Taleban,2005,Asia,2,War,Internationalized Intrastate,34,90
338,Iran,Iran,Government of Iran,PJAK,2005,Middle East,1,Minor Conflict,Intrastate,29,42
347,India,India,Government of India,UNLF,2005,Asia,1,Minor Conflict,Intrastate,34,90
352,Sri Lanka,Sri Lanka,Government of Sri Lanka,LTTE,2005,Asia,1,Minor Conflict,Intrastate,34,90
354,Turkey,Turkey,Government of Turkey,PKK,2005,Middle East,1,Minor Conflict,Intrastate,29,42
364,India,India,Government of India,Kashmir insurgents,2005,Asia,2,War,Intrastate,34,90
365,India,India,Government of India,ULFA,2005,Asia,1,Minor Conflict,Intrastate,34,90
366,Indonesia,Indonesia,Government of Indonesia,GAM,2005,Asia,1,Minor Conflict,Intrastate,34,90
383,Turkey,Turkey,Government of Turkey,MKP,2005,Middle East,1,Minor Conflict,Intrastate,29,42
386,Algeria,Algeria,Government of Algeria,AQIM,2005,Africa,1,Minor Conflict,Intrastate,-2,22
388,Azerbaijan,Azerbaijan,Government of Azerbaijan,Republic of Artsakh,2005,Europe,1,Minor Conflict,Internationalized Intrastate,54,25
401,Russia,Russia (Soviet Union),Government of Russia (Soviet Union),Chechen Republic of Ichkeria,2005,Europe,1,Minor Conflict,Intrastate,54,25
413,Ethiopia,Ethiopia,Government of Ethiopia,OLF,2005,Africa,1,Minor Conflict,Intrastate,-2,22
418,United States of America,United States of America,Government of United States of America,al-Qaida,2005,Americas,1,Minor Conflict,Internationalized Intrastate,-14,-60
423,Thailand,Thailand,Government of Thailand,Patani insurgents,2005,Asia,1,Minor Conflict,Intrastate,34,90
11350,Bangladesh,Bangladesh,Government of Bangladesh,PBCP-J,2006,Asia,1,Minor Conflict,Intrastate,34,90
11475,Myanmar,Myanmar (Burma),Government of Myanmar (Burma),NSCN-K,2006,Asia,1,Minor Conflict,Intrastate,34,90
209,Philippines,Philippines,Government of Philippines,CPP,2006,Asia,1,Minor Conflict,Intrastate,34,90
221,Myanmar,Myanmar (Burma),Government of Myanmar (Burma),KNU,2006,Asia,1,Minor Conflict,Intrastate,34,90
227,India,India,Government of India,CPI-Maoist,2006,Asia,1,Minor Conflict,Intrastate,34,90
234,Israel,Israel,Government of Israel,"Fatah, Hamas, PIJ, PRC",2006,Middle East,1,Minor Conflict,Intrastate,29,42
259,Iraq,Iraq,Government of Iraq,"Ansar al-Islam, IS, RJF",2006,Middle East,2,War,Internationalized Intrastate,29,42
264,Myanmar,Myanmar (Burma),Government of Myanmar (Burma),RCSS,2006,Asia,1,Minor Conflict,Intrastate,34,90
269,Nepal,Nepal,Government of Nepal,CPN-M,2006,Asia,1,Minor Conflict,Intrastate,34,90
283,Democratic Republic of Congo,DR Congo (Zaire),Government of DR Congo (Zaire),CNDP,2006,Africa,1,Minor Conflict,Intrastate,-2,22
287,Burundi,Burundi,Government of Burundi,Palipehutu-FNL,2006,Africa,1,Minor Conflict,Intrastate,-2,22
288,Chad,Chad,Government of Chad,"FUCD, RAFD, UFDD",2006,Africa,2,War,Intrastate,-2,22
289,Colombia,Colombia,Government of Colombia,"ELN, FARC",2006,Americas,1,Minor Conflict,Intrastate,-14,-60
308,Philippines,Philippines,Government of Philippines,ASG,2006,Asia,1,Minor Conflict,Intrastate,34,90
309,Sudan,Sudan,Government of Sudan,"NRF, SLM/A, SLM/A - MM",2006,Africa,2,War,Intrastate,-2,22
314,Uganda,Uganda,Government of Uganda,LRA,2006,Africa,1,Minor Conflict,Intrastate,-2,22
325,Pakistan,Pakistan,Government of Pakistan,"Baloch Ittehad, BLA",2006,Asia,1,Minor Conflict,Intrastate,34,90
329,Ethiopia,Ethiopia,Government of Ethiopia,ONLF,2006,Africa,1,Minor Conflict,Intrastate,-2,22
333,Afghanistan,Afghanistan,Government of Afghanistan,"Hizb-i Islami-yi Afghanistan, Taleban",2006,Asia,2,War,Internationalized Intrastate,34,90
337,Somalia,Somalia,Government of Somalia,ARS/UIC,2006,Africa,1,Minor Conflict,Internationalized Intrastate,-2,22
338,Iran,Iran,Government of Iran,"Jondullah, PJAK",2006,Middle East,1,Minor Conflict,Intrastate,29,42
347,India,India,Government of India,"PLA, UNLF",2006,Asia,1,Minor Conflict,Intrastate,34,90
352,Sri Lanka,Sri Lanka,Government of Sri Lanka,LTTE,2006,Asia,2,War,Intrastate,34,90
354,Turkey,Turkey,Government of Turkey,PKK,2006,Middle East,1,Minor Conflict,Intrastate,29,42
364,India,India,Government of India,Kashmir insurgents,2006,Asia,1,Minor Conflict,Intrastate,34,90
365,India,India,Government of India,ULFA,2006,Asia,1,Minor Conflict,Intrastate,34,90
386,Algeria,Algeria,Government of Algeria,AQIM,2006,Africa,1,Minor Conflict,Intrastate,-2,22
401,Russia,Russia (Soviet Union),Government of Russia (Soviet Union),Chechen Republic of Ichkeria,2006,Europe,1,Minor Conflict,Intrastate,54,25
413,Ethiopia,Ethiopia,Government of Ethiopia,OLF,2006,Africa,1,Minor Conflict,Intrastate,-2,22
416,Central African Republic,Central African Republic,Government of Central African Republic,Seleka,2006,Africa,1,Minor Conflict,Internationalized Intrastate,-2,22
418,United States of America,United States of America,Government of United States of America,al-Qaida,2006,Americas,1,Minor Conflict,Internationalized Intrastate,-14,-60
423,Thailand,Thailand,Government of Thailand,Patani insurgents,2006,Asia,1,Minor Conflict,Intrastate,34,90
426,Israel,Israel,Government of Israel,Hezbollah,2006,Middle East,2,War,Intrastate,29,42
11475,Myanmar,Myanmar (Burma),Government of Myanmar (Burma),NSCN-K,2007,Asia,1,Minor Conflict,Intrastate,34,90
209,Philippines,Philippines,Government of Philippines,CPP,2007,Asia,1,Minor Conflict,Intrastate,34,90
221,Myanmar,Myanmar (Burma),Government of Myanmar (Burma),KNU,2007,Asia,1,Minor Conflict,Intrastate,34,90
227,India,India,Government of India,CPI-Maoist,2007,Asia,1,Minor Conflict,Intrastate,34,90
234,Israel,Israel,Government of Israel,"Fatah, Hamas, PIJ",2007,Middle East,1,Minor Conflict,Intrastate,29,42
259,Iraq,Iraq,Government of Iraq,"al-Mahdi Army, Ansar al-Islam, IS, RJF",2007,Middle East,2,War,Internationalized Intrastate,29,42
264,Myanmar,Myanmar (Burma),Government of Myanmar (Burma),RCSS,2007,Asia,1,Minor Conflict,Intrastate,34,90
283,Democratic Republic of Congo,DR Congo (Zaire),Government of DR Congo (Zaire),CNDP,2007,Africa,1,Minor Conflict,Intrastate,-2,22
288,Chad,Chad,Government of Chad,UFDD,2007,Africa,1,Minor Conflict,Intrastate,-2,22
289,Colombia,Colombia,Government of Colombia,FARC,2007,Americas,1,Minor Conflict,Intrastate,-14,-60
292,Peru,Peru,Government of Peru,Sendero Luminoso,2007,Americas,1,Minor Conflict,Intrastate,-14,-60
308,Philippines,Philippines,Government of Philippines,"ASG, MILF, MNLF - HM",2007,Asia,1,Minor Conflict,Intrastate,34,90
309,Sudan,Sudan,Government of Sudan,"JEM, SLFA",2007,Africa,1,Minor Conflict,Intrastate,-2,22
314,Uganda,Uganda,Government of Uganda,ADF,2007,Africa,1,Minor Conflict,Intrastate,-2,22
325,Pakistan,Pakistan,Government of Pakistan,BLA,2007,Asia,1,Minor Conflict,Intrastate,34,90
329,Ethiopia,Ethiopia,Government of Ethiopia,ONLF,2007,Africa,1,Minor Conflict,Intrastate,-2,22
333,Afghanistan,Afghanistan,Government of Afghanistan,Taleban,2007,Asia,2,War,Internationalized Intrastate,34,90
337,Somalia,Somalia,Government of Somalia,ARS/UIC,2007,Africa,2,War,Internationalized Intrastate,-2,22
338,Iran,Iran,Government of Iran,"Jondullah, PJAK",2007,Middle East,1,Minor Conflict,Intrastate,29,42
347,India,India,Government of India,UNLF,2007,Asia,1,Minor Conflict,Intrastate,34,90
352,Sri Lanka,Sri Lanka,Government of Sri Lanka,LTTE,2007,Asia,2,War,Intrastate,34,90
354,Turkey,Turkey,Government of Turkey,PKK,2007,Middle East,1,Minor Conflict,Intrastate,29,42
364,India,India,Government of India,Kashmir insurgents,2007,Asia,1,Minor Conflict,Intrastate,34,90
365,India,India,Government of India,ULFA,2007,Asia,1,Minor Conflict,Intrastate,34,90
372,Mali,Mali,Government of Mali,ATNMC,2007,Africa,1,Minor Conflict,Intrastate,-2,22
386,Algeria,Algeria,Government of Algeria,AQIM,2007,Africa,1,Minor Conflict,Intrastate,-2,22
387,Angola,Angola,Government of Angola,FLEC-FAC,2007,Africa,1,Minor Conflict,Intrastate,-2,22
401,Russia,Russia (Soviet Union),Government of Russia (Soviet Union),Chechen Republic of Ichkeria,2007,Europe,1,Minor Conflict,Intrastate,54,25
404,Pakistan,Pakistan,Government of Pakistan,TTP,2007,Asia,1,Minor Conflict,Intrastate,34,90
413,Ethiopia,Ethiopia,Government of Ethiopia,OLF,2007,Africa,1,Minor Conflict,Intrastate,-2,22
418,United States of America,United States of America,Government of United States of America,al-Qaida,2007,Americas,1,Minor Conflict,Internationalized Intrastate,-14,-60
423,Thailand,Thailand,Government of Thailand,Patani insurgents,2007,Asia,1,Minor Conflict,Intrastate,34,90
429,Democratic Republic of Congo,DR Congo (Zaire),Government of DR Congo (Zaire),BDK,2007,Africa,1,Minor Conflict,Intrastate,-2,22
430,Niger,Niger,Government of Niger,MNJ,2007,Africa,1,Minor Conflict,Intrastate,-2,22
432,Russia,Russia (Soviet Union),Government of Russia (Soviet Union),Forces of the Caucasus Emirate,2007,Europe,1,Minor Conflict,Intrastate,54,25
11349,China,China,Government of China,ETIM,2008,Asia,1,Minor Conflict,Intrastate,34,90
209,Philippines,Philippines,Government of Philippines,CPP,2008,Asia,1,Minor Conflict,Intrastate,34,90
221,Myanmar,Myanmar (Burma),Government of Myanmar (Burma),KNU,2008,Asia,1,Minor Conflict,Intrastate,34,90
227,India,India,Government of India,CPI-Maoist,2008,Asia,1,Minor Conflict,Intrastate,34,90
234,Israel,Israel,Government of Israel,"Hamas, PIJ",2008,Middle East,1,Minor Conflict,Intrastate,29,42
259,Iraq,Iraq,Government of Iraq,"al-Mahdi Army, IS",2008,Middle East,2,War,Internationalized Intrastate,29,42
264,Myanmar,Myanmar (Burma),Government of Myanmar (Burma),RCSS,2008,Asia,1,Minor Conflict,Intrastate,34,90
283,Democratic Republic of Congo,DR Congo (Zaire),Government of DR Congo (Zaire),CNDP,2008,Africa,1,Minor Conflict,Intrastate,-2,22
287,Burundi,Burundi,Government of Burundi,Palipehutu-FNL,2008,Africa,1,Minor Conflict,Intrastate,-2,22
288,Chad,Chad,Government of Chad,AN,2008,Africa,1,Minor Conflict,Intrastate,-2,22
289,Colombia,Colombia,Government of Colombia,"ELN, FARC",2008,Americas,1,Minor Conflict,Intrastate,-14,-60
292,Peru,Peru,Government of Peru,Sendero Luminoso,2008,Americas,1,Minor Conflict,Intrastate,-14,-60
308,Philippines,Philippines,Government of Philippines,MILF,2008,Asia,1,Minor Conflict,Intrastate,34,90
309,Sudan,Sudan,Government of Sudan,"JEM, SLFA, SLM/A",2008,Africa,1,Minor Conflict,Intrastate,-2,22
314,Uganda,Uganda,Government of Uganda,LRA,2008,Africa,1,Minor Conflict,Internationalized Intrastate,-2,22
325,Pakistan,Pakistan,Government of Pakistan,"BLA, BRA",2008,Asia,1,Minor Conflict,Intrastate,34,90
329,Ethiopia,Ethiopia,Government of Ethiopia,ONLF,2008,Africa,1,Minor Conflict,Intrastate,-2,22
333,Afghanistan,Afghanistan,Government of Afghanistan,"Hizb-i Islami-yi Afghanistan, Taleban",2008,Asia,2,War,Internationalized Intrastate,34,90
337,Somalia,Somalia,Government of Somalia,"Al-Shabaab, ARS/UIC",2008,Africa,2,War,Internationalized Intrastate,-2,22
338,Iran,Iran,Government of Iran,"Jondullah, PJAK",2008,Middle East,1,Minor Conflict,Intrastate,29,42
347,India,India,Government of India,"KCP, PREPAK",2008,Asia,1,Minor Conflict,Intrastate,34,90
352,Sri Lanka,Sri Lanka,Government of Sri Lanka,LTTE,2008,Asia,2,War,Intrastate,34,90
354,Turkey,Turkey,Government of Turkey,PKK,2008,Middle East,1,Minor Conflict,Intrastate,29,42
364,India,India,Government of India,Kashmir insurgents,2008,Asia,1,Minor Conflict,Intrastate,34,90
365,India,India,Government of India,ULFA,2008,Asia,1,Minor Conflict,Intrastate,34,90
372,Mali,Mali,Government of Mali,ATNMC,2008,Africa,1,Minor Conflict,Intrastate,-2,22
386,Algeria,Algeria,Government of Algeria,AQIM,2008,Africa,1,Minor Conflict,Intrastate,-2,22
388,Azerbaijan,Azerbaijan,Government of Azerbaijan,Republic of Artsakh,2008,Europe,1,Minor Conflict,Internationalized Intrastate,54,25
393,Georgia,Georgia,Government of Georgia,Republic of South Ossetia,2008,Europe,1,Minor Conflict,Internationalized Intrastate,54,25
404,Pakistan,Pakistan,Government of Pakistan,TTP,2008,Asia,2,War,Intrastate,34,90
413,Ethiopia,Ethiopia,Government of Ethiopia,OLF,2008,Africa,1,Minor Conflict,Intrastate,-2,22
418,United States of America,United States of America,Government of United States of America,al-Qaida,2008,Americas,1,Minor Conflict,Internationalized Intrastate,-14,-60
423,Thailand,Thailand,Government of Thailand,Patani insurgents,2008,Asia,1,Minor Conflict,Intrastate,34,90
429,Democratic Republic of Congo,DR Congo (Zaire),Government of DR Congo (Zaire),BDK,2008,Africa,1,Minor Conflict,Intrastate,-2,22
430,Niger,Niger,Government of Niger,MNJ,2008,Africa,1,Minor Conflict,Intrastate,-2,22
432,Russia,Russia (Soviet Union),Government of Russia (Soviet Union),Forces of the Caucasus Emirate,2008,Europe,1,Minor Conflict,Intrastate,54,25
434,India,India,Government of India,PULF,2008,Asia,1,Minor Conflict,Intrastate,34,90
435,Djibouti,"Djibouti, Eritrea",Government of Djibouti,Government of Eritrea,2008,Africa,1,Minor Conflict,Interstate,-2,22
11347,Mali,Mali,Government of Mali,AQIM,2009,Africa,1,Minor Conflict,Intrastate,-2,22
209,Philippines,Philippines,Government of Philippines,CPP,2009,Asia,1,Minor Conflict,Intrastate,34,90
221,Myanmar,Myanmar (Burma),Government of Myanmar (Burma),KNU,2009,Asia,1,Minor Conflict,Intrastate,34,90
227,India,India,Government of India,CPI-Maoist,2009,Asia,1,Minor Conflict,Intrastate,34,90
230,Yemen (North Yemen),Yemen (North Yemen),Government of Yemen (North Yemen),AQAP,2009,Middle East,1,Minor Conflict,Internationalized Intrastate,29,42
234,Israel,Israel,Government of Israel,"Hamas, PIJ",2009,Middle East,1,Minor Conflict,Intrastate,29,42
259,Iraq,Iraq,Government of Iraq,IS,2009,Middle East,2,War,Internationalized Intrastate,29,42
264,Myanmar,Myanmar (Burma),Government of Myanmar (Burma),RCSS,2009,Asia,1,Minor Conflict,Intrastate,34,90
288,Chad,Chad,Government of Chad,UFR,2009,Africa,1,Minor Conflict,Intrastate,-2,22
289,Colombia,Colombia,Government of Colombia,FARC,2009,Americas,1,Minor Conflict,Intrastate,-14,-60
292,Peru,Peru,Government of Peru,Sendero Luminoso,2009,Americas,1,Minor Conflict,Intrastate,-14,-60
297,Nigeria,Nigeria,Government of Nigeria,JAS,2009,Africa,1,Minor Conflict,Intrastate,-2,22
308,Philippines,Philippines,Government of Philippines,"ASG, MILF",2009,Asia,1,Minor Conflict,Intrastate,34,90
309,Sudan,Sudan,Government of Sudan,"JEM, SLM/A",2009,Africa,1,Minor Conflict,Intrastate,-2,22
314,Uganda,Uganda,Government of Uganda,LRA,2009,Africa,1,Minor Conflict,Internationalized Intrastate,-2,22
325,Pakistan,Pakistan,Government of Pakistan,"BLA, BRA",2009,Asia,1,Minor Conflict,Intrastate,34,90
329,Ethiopia,Ethiopia,Government of Ethiopia,ONLF,2009,Africa,1,Minor Conflict,Intrastate,-2,22
333,Afghanistan,Afghanistan,Government of Afghanistan,"Hizb-i Islami-yi Afghanistan, Taleban",2009,Asia,2,War,Internationalized Intrastate,34,90
337,Somalia,Somalia,Government of Somalia,"Al-Shabaab, Hizbul Islam",2009,Africa,2,War,Internationalized Intrastate,-2,22
338,Iran,Iran,Government of Iran,"Jondullah, PJAK",2009,Middle East,1,Minor Conflict,Intrastate,29,42
347,India,India,Government of India,"KCP, PREPAK, UNLF",2009,Asia,1,Minor Conflict,Intrastate,34,90
352,Sri Lanka,Sri Lanka,Government of Sri Lanka,LTTE,2009,Asia,2,War,Intrastate,34,90
354,Turkey,Turkey,Government of Turkey,PKK,2009,Middle East,1,Minor Conflict,Intrastate,29,42
364,India,India,Government of India,Kashmir insurgents,2009,Asia,1,Minor Conflict,Intrastate,34,90
365,India,India,Government of India,ULFA,2009,Asia,1,Minor Conflict,Intrastate,34,90
372,Mali,Mali,Government of Mali,ATNMC,2009,Africa,1,Minor Conflict,Intrastate,-2,22
374,Rwanda,Rwanda,Government of Rwanda,FDLR-FOCA,2009,Africa,2,War,Internationalized Intrastate,-2,22
386,Algeria,Algeria,Government of Algeria,AQIM,2009,Africa,1,Minor Conflict,Intrastate,-2,22
387,Angola,Angola,Government of Angola,FLEC-FAC,2009,Africa,1,Minor Conflict,Intrastate,-2,22
404,Pakistan,Pakistan,Government of Pakistan,"Lashkar-e-Islam, TTP",2009,Asia,2,War,Intrastate,34,90
413,Ethiopia,Ethiopia,Government of Ethiopia,OLF,2009,Africa,1,Minor Conflict,Intrastate,-2,22
416,Central African Republic,Central African Republic,Government of Central African Republic,CPJP,2009,Africa,1,Minor Conflict,Intrastate,-2,22
418,United States of America,United States of America,Government of United States of America,al-Qaida,2009,Americas,1,Minor Conflict,Internationalized Intrastate,-14,-60
421,India,India,Government of India,NDFB - RD,2009,Asia,1,Minor Conflict,Intrastate,34,90
423,Thailand,Thailand,Government of Thailand,Patani insurgents,2009,Asia,1,Minor Conflict,Intrastate,34,90
432,Russia,Russia (Soviet Union),Government of Russia (Soviet Union),Forces of the Caucasus Emirate,2009,Europe,1,Minor Conflict,Intrastate,54,25
439,Myanmar,Myanmar (Burma),Government of Myanmar (Burma),MNDAA,2009,Asia,1,Minor Conflict,Intrastate,34,90
209,Philippines,Philippines,Government of Philippines,CPP,2010,Asia,1,Minor Conflict,Intrastate,34,90
221,Myanmar,Myanmar (Burma),Government of Myanmar (Burma),"DKBA 5, KNU",2010,Asia,1,Minor Conflict,Intrastate,34,90
227,India,India,Government of India,CPI-Maoist,2010,Asia,1,Minor Conflict,Intrastate,34,90
230,Yemen (North Yemen),Yemen (North Yemen),Government of Yemen (North Yemen),AQAP,2010,Middle East,1,Minor Conflict,Internationalized Intrastate,29,42
234,Israel,Israel,Government of Israel,PIJ,2010,Middle East,1,Minor Conflict,Intrastate,29,42
259,Iraq,Iraq,Government of Iraq,IS,2010,Middle East,1,Minor Conflict,Internationalized Intrastate,29,42
264,Myanmar,Myanmar (Burma),Government of Myanmar (Burma),RCSS,2010,Asia,1,Minor Conflict,Intrastate,34,90
288,Chad,Chad,Government of Chad,FPRN,2010,Africa,1,Minor Conflict,Intrastate,-2,22
289,Colombia,Colombia,Government of Colombia,"ELN, FARC",2010,Americas,1,Minor Conflict,Intrastate,-14,-60
292,Peru,Peru,Government of Peru,Sendero Luminoso,2010,Americas,1,Minor Conflict,Intrastate,-14,-60
308,Philippines,Philippines,Government of Philippines,ASG,2010,Asia,1,Minor Conflict,Intrastate,34,90
309,Sudan,Sudan,Government of Sudan,"JEM, SLM/A, SSDM/A",2010,Africa,2,War,Intrastate,-2,22
314,Uganda,Uganda,Government of Uganda,"ADF, LRA",2010,Africa,1,Minor Conflict,Internationalized Intrastate,-2,22
329,Ethiopia,Ethiopia,Government of Ethiopia,ONLF,2010,Africa,1,Minor Conflict,Intrastate,-2,22
333,Afghanistan,Afghanistan,Government of Afghanistan,"Hizb-i Islami-yi Afghanistan, Taleban",2010,Asia,2,War,Internationalized Intrastate,34,90
337,Somalia,Somalia,Government of Somalia,"Al-Shabaab, Hizbul Islam",2010,Africa,2,War,Internationalized Intrastate,-2,22
338,Iran,Iran,Government of Iran,Jondullah,2010,Middle East,1,Minor Conflict,Intrastate,29,42
354,Turkey,Turkey,Government of Turkey,PKK,2010,Middle East,1,Minor Conflict,Intrastate,29,42
364,India,India,Government of India,Kashmir insurgents,2010,Asia,1,Minor Conflict,Intrastate,34,90
365,India,India,Government of India,ULFA,2010,Asia,1,Minor Conflict,Intrastate,34,90
374,Rwanda,Rwanda,Government of Rwanda,FDLR-FOCA,2010,Africa,1,Minor Conflict,Internationalized Intrastate,-2,22
386,Algeria,Algeria,Government of Algeria,AQIM,2010,Africa,1,Minor Conflict,Intrastate,-2,22
395,Tajikistan,Tajikistan,Government of Tajikistan,"Forces of Mullo Abdullo, IMU",2010,Asia,1,Minor Conflict,Intrastate,34,90
404,Pakistan,Pakistan,Government of Pakistan,"Lashkar-e-Islam, TTP",2010,Asia,2,War,Intrastate,34,90
413,Ethiopia,Ethiopia,Government of Ethiopia,OLF,2010,Africa,1,Minor Conflict,Intrastate,-2,22
416,Central African Republic,Central African Republic,Government of Central African Republic,CPJP,2010,Africa,1,Minor Conflict,Intrastate,-2,22
418,United States of America,United States of America,Government of United States of America,al-Qaida,2010,Americas,1,Minor Conflict,Internationalized Intrastate,-14,-60
421,India,India,Government of India,NDFB - RD,2010,Asia,1,Minor Conflict,Intrastate,34,90
423,Thailand,Thailand,Government of Thailand,Patani insurgents,2010,Asia,1,Minor Conflict,Intrastate,34,90
432,Russia,Russia (Soviet Union),Government of Russia (Soviet Union),Forces of the Caucasus Emirate,2010,Europe,1,Minor Conflict,Intrastate,54,25
442,Mauritania,Mauritania,Government of Mauritania,AQIM,2010,Africa,1,Minor Conflict,Internationalized Intrastate,-2,22
11344,Sudan,Sudan,Government of Sudan,Republic of South Sudan,2011,Africa,1,Minor Conflict,Intrastate,-2,22
11345,South Sudan,South Sudan,Government of South Sudan,"SSDM/A, SSLM/A",2011,Africa,1,Minor Conflict,Intrastate,-2,22
11346,Libya,Libya,Government of Libya,"Forces of Muammar Gaddafi, NTC",2011,Africa,2,War,Internationalized Intrastate,-2,22
209,Philippines,Philippines,Government of Philippines,CPP,2011,Asia,1,Minor Conflict,Intrastate,34,90
221,Myanmar,Myanmar (Burma),Government of Myanmar (Burma),"DKBA 5, KNU",2011,Asia,1,Minor Conflict,Intrastate,34,90
227,India,India,Government of India,CPI-Maoist,2011,Asia,1,Minor Conflict,Intrastate,34,90
230,Yemen (North Yemen),Yemen (North Yemen),Government of Yemen (North Yemen),AQAP,2011,Middle East,2,War,Internationalized Intrastate,29,42
231,Myanmar,Myanmar (Burma),Government of Myanmar (Burma),KIO,2011,Asia,1,Minor Conflict,Intrastate,34,90
234,Israel,Israel,Government of Israel,"Hamas, PIJ",2011,Middle East,1,Minor Conflict,Intrastate,29,42
259,Iraq,Iraq,Government of Iraq,"Ansar al-Islam, IS",2011,Middle East,1,Minor Conflict,Internationalized Intrastate,29,42
264,Myanmar,Myanmar (Burma),Government of Myanmar (Burma),"RCSS, SSPP",2011,Asia,1,Minor Conflict,Intrastate,34,90
283,Democratic Republic of Congo,DR Congo (Zaire),Government of DR Congo (Zaire),CNPSC,2011,Africa,1,Minor Conflict,Intrastate,-2,22
289,Colombia,Colombia,Government of Colombia,FARC,2011,Americas,1,Minor Conflict,Intrastate,-14,-60
294,Cambodia (Kampuchea),"Cambodia (Kampuchea), Thailand",Government of Cambodia (Kampuchea),Government of Thailand,2011,Asia,1,Minor Conflict,Interstate,34,90
297,Nigeria,Nigeria,Government of Nigeria,JAS,2011,Africa,1,Minor Conflict,Intrastate,-2,22
299,Syria,Syria,Government of Syria,Syrian insurgents,2011,Middle East,2,War,Intrastate,29,42
308,Philippines,Philippines,Government of Philippines,"ASG, MILF",2011,Asia,1,Minor Conflict,Intrastate,34,90
309,Sudan,Sudan,Government of Sudan,"JEM, SLM/A, SPLM/A-North, SRF, SSDM/A, SSLM/A",2011,Africa,2,War,Internationalized Intrastate,-2,22
314,Uganda,Uganda,Government of Uganda,"ADF, LRA",2011,Africa,1,Minor Conflict,Internationalized Intrastate,-2,22
325,Pakistan,Pakistan,Government of Pakistan,BLA,2011,Asia,1,Minor Conflict,Intrastate,34,90
329,Ethiopia,Ethiopia,Government of Ethiopia,ONLF,2011,Africa,1,Minor Conflict,Intrastate,-2,22
333,Afghanistan,Afghanistan,Government of Afghanistan,"Hizb-i Islami-yi Afghanistan, Taleban",2011,Asia,2,War,Internationalized Intrastate,34,90
337,Somalia,Somalia,Government of Somalia,Al-Shabaab,2011,Africa,2,War,Internationalized Intrastate,-2,22
338,Iran,Iran,Government of Iran,PJAK,2011,Middle East,1,Minor Conflict,Intrastate,29,42
354,Turkey,Turkey,Government of Turkey,PKK,2011,Middle East,1,Minor Conflict,Intrastate,29,42
364,India,India,Government of India,Kashmir insurgents,2011,Asia,1,Minor Conflict,Intrastate,34,90
374,Rwanda,Rwanda,Government of Rwanda,FDLR-FOCA,2011,Africa,1,Minor Conflict,Internationalized Intrastate,-2,22
375,Senegal,Senegal,Government of Senegal,MFDC,2011,Africa,1,Minor Conflict,Intrastate,-2,22
386,Algeria,Algeria,Government of Algeria,AQIM,2011,Africa,1,Minor Conflict,Intrastate,-2,22
395,Tajikistan,Tajikistan,Government of Tajikistan,IMU,2011,Asia,1,Minor Conflict,Intrastate,34,90
404,Pakistan,Pakistan,Government of Pakistan,TTP,2011,Asia,2,War,Intrastate,34,90
413,Ethiopia,Ethiopia,Government of Ethiopia,OLF,2011,Africa,1,Minor Conflict,Intrastate,-2,22
416,Central African Republic,Central African Republic,Government of Central African Republic,CPJP,2011,Africa,1,Minor Conflict,Intrastate,-2,22
418,United States of America,United States of America,Government of United States of America,al-Qaida,2011,Americas,1,Minor Conflict,Internationalized Intrastate,-14,-60
419,Ivory Coast,Ivory Coast,Government of Ivory Coast,"FDSI-CI, FRCI",2011,Africa,1,Minor Conflict,Intrastate,-2,22
423,Thailand,Thailand,Government of Thailand,Patani insurgents,2011,Asia,1,Minor Conflict,Intrastate,34,90
432,Russia,Russia (Soviet Union),Government of Russia (Soviet Union),Forces of the Caucasus Emirate,2011,Europe,1,Minor Conflict,Intrastate,54,25
11342,India,India,Government of India,GNLA,2012,Asia,1,Minor Conflict,Intrastate,34,90
11345,South Sudan,South Sudan,Government of South Sudan,SSLM/A,2012,Africa,1,Minor Conflict,Intrastate,-2,22
11347,Mali,Mali,Government of Mali,"Ansar Dine, Military faction (Red Berets)",2012,Africa,1,Minor Conflict,Intrastate,-2,22
11348,South Sudan,"South Sudan, Sudan",Government of South Sudan,Government of Sudan,2012,Africa,1,Minor Conflict,Interstate,-2,22
13042,Syria,Syria,Government of Syria,PYD,2012,Middle East,1,Minor Conflict,Intrastate,29,42
209,Philippines,Philippines,Government of Philippines,CPP,2012,Asia,1,Minor Conflict,Intrastate,34,90
227,India,India,Government of India,CPI-Maoist,2012,Asia,1,Minor Conflict,Intrastate,34,90
230,Yemen (North Yemen),Yemen (North Yemen),Government of Yemen (North Yemen),AQAP,2012,Middle East,2,War,Internationalized Intrastate,29,42
231,Myanmar,Myanmar (Burma),Government of Myanmar (Burma),KIO,2012,Asia,1,Minor Conflict,Intrastate,34,90
234,Israel,Israel,Government of Israel,"Hamas, PIJ",2012,Middle East,1,Minor Conflict,Intrastate,29,42
259,Iraq,Iraq,Government of Iraq,IS,2012,Middle East,1,Minor Conflict,Intrastate,29,42
283,Democratic Republic of Congo,DR Congo (Zaire),Government of DR Congo (Zaire),"CNPSC, M23, UPCP",2012,Africa,1,Minor Conflict,Internationalized Intrastate,-2,22
289,Colombia,Colombia,Government of Colombia,FARC,2012,Americas,1,Minor Conflict,Intrastate,-14,-60
297,Nigeria,Nigeria,Government of Nigeria,JAS,2012,Africa,1,Minor Conflict,Internationalized Intrastate,-2,22
299,Syria,Syria,Government of Syria,Syrian insurgents,2012,Middle East,2,War,Intrastate,29,42
308,Philippines,Philippines,Government of Philippines,"ASG, BIFM",2012,Asia,1,Minor Conflict,Intrastate,34,90
309,Sudan,Sudan,Government of Sudan,SRF,2012,Africa,2,War,Intrastate,-2,22
325,Pakistan,Pakistan,Government of Pakistan,"BLA, BLF, BRA",2012,Asia,1,Minor Conflict,Intrastate,34,90
329,Ethiopia,Ethiopia,Government of Ethiopia,ONLF,2012,Africa,1,Minor Conflict,Intrastate,-2,22
333,Afghanistan,Afghanistan,Government of Afghanistan,Taleban,2012,Asia,2,War,Internationalized Intrastate,34,90
337,Somalia,Somalia,Government of Somalia,Al-Shabaab,2012,Africa,2,War,Internationalized Intrastate,-2,22
354,Turkey,Turkey,Government of Turkey,PKK,2012,Middle East,1,Minor Conflict,Intrastate,29,42
364,India,India,Government of India,Kashmir insurgents,2012,Asia,1,Minor Conflict,Intrastate,34,90
372,Mali,Mali,Government of Mali,CMA,2012,Africa,1,Minor Conflict,Intrastate,-2,22
374,Rwanda,Rwanda,Government of Rwanda,FDLR-FOCA,2012,Africa,1,Minor Conflict,Internationalized Intrastate,-2,22
386,Algeria,Algeria,Government of Algeria,"AQIM, MUJAO",2012,Africa,1,Minor Conflict,Intrastate,-2,22
388,Azerbaijan,Azerbaijan,Government of Azerbaijan,Republic of Artsakh,2012,Europe,1,Minor Conflict,Internationalized Intrastate,54,25
404,Pakistan,Pakistan,Government of Pakistan,"Lashkar-e-Islam, TTP, TTP - TA",2012,Asia,2,War,Intrastate,34,90
413,Ethiopia,Ethiopia,Government of Ethiopia,OLF,2012,Africa,1,Minor Conflict,Intrastate,-2,22
416,Central African Republic,Central African Republic,Government of Central African Republic,Seleka,2012,Africa,1,Minor Conflict,Internationalized Intrastate,-2,22
418,United States of America,United States of America,Government of United States of America,al-Qaida,2012,Americas,1,Minor Conflict,Internationalized Intrastate,-14,-60
423,Thailand,Thailand,Government of Thailand,Patani insurgents,2012,Asia,1,Minor Conflict,Intrastate,34,90
432,Russia,Russia (Soviet Union),Government of Russia (Soviet Union),Forces of the Caucasus Emirate,2012,Europe,1,Minor Conflict,Intrastate,54,25
11345,South Sudan,South Sudan,Government of South Sudan,"SPLM/A - IO, SSDM/A - Cobra Faction",2013,Africa,1,Minor Conflict,Intrastate,-2,22
11346,Libya,Libya,Government of Libya,ASL,2013,Africa,1,Minor Conflict,Intrastate,-2,22
11347,Mali,Mali,Government of Mali,"Ansar Dine, AQIM, MUJAO, Signed-in-Blood Battalion",2013,Africa,1,Minor Conflict,Internationalized Intrastate,-2,22
11487,Malaysia,Malaysia,Government of Malaysia,Sultanate of Sulu,2013,Asia,1,Minor Conflict,Intrastate,34,90
13042,Syria,Syria,Government of Syria,PYD,2013,Middle East,1,Minor Conflict,Intrastate,29,42
13604,Syria,Syria,Government of Syria,IS,2013,Middle East,2,War,Intrastate,29,42
209,Philippines,Philippines,Government of Philippines,CPP,2013,Asia,1,Minor Conflict,Intrastate,34,90
218,India,"India, Pakistan",Government of India,Government of Pakistan,2013,Asia,1,Minor Conflict,Interstate,34,90
221,Myanmar,Myanmar (Burma),Government of Myanmar (Burma),DKBA 5,2013,Asia,1,Minor Conflict,Intrastate,34,90
222,Myanmar,Myanmar (Burma),Government of Myanmar (Burma),PSLF,2013,Asia,1,Minor Conflict,Intrastate,34,90
227,India,India,Government of India,CPI-Maoist,2013,Asia,1,Minor Conflict,Intrastate,34,90
230,Yemen (North Yemen),Yemen (North Yemen),Government of Yemen (North Yemen),AQAP,2013,Middle East,1,Minor Conflict,Internationalized Intrastate,29,42
231,Myanmar,Myanmar (Burma),Government of Myanmar (Burma),KIO,2013,Asia,1,Minor Conflict,Intrastate,34,90
259,Iraq,Iraq,Government of Iraq,IS,2013,Middle East,2,War,Intrastate,29,42
264,Myanmar,Myanmar (Burma),Government of Myanmar (Burma),"RCSS, SSPP",2013,Asia,1,Minor Conflict,Intrastate,34,90
265,Democratic Republic of Congo,DR Congo (Zaire),Government of DR Congo (Zaire),Kata Katanga,2013,Africa,1,Minor Conflict,Internationalized Intrastate,-2,22
283,Democratic Republic of Congo,DR Congo (Zaire),Government of DR Congo (Zaire),"APCLS, Forces of Paul Joseph Mukungubila, M23",2013,Africa,2,War,Internationalized Intrastate,-2,22
289,Colombia,Colombia,Government of Colombia,"ELN, FARC",2013,Americas,1,Minor Conflict,Intrastate,-14,-60
297,Nigeria,Nigeria,Government of Nigeria,JAS,2013,Africa,2,War,Internationalized Intrastate,-2,22
299,Syria,Syria,Government of Syria,Syrian insurgents,2013,Middle East,2,War,Intrastate,29,42
308,Philippines,Philippines,Government of Philippines,"ASG, BIFM, MNLF - NM",2013,Asia,1,Minor Conflict,Intrastate,34,90
309,Sudan,Sudan,Government of Sudan,SRF,2013,Africa,1,Minor Conflict,Intrastate,-2,22
314,Uganda,Uganda,Government of Uganda,"ADF, LRA",2013,Africa,1,Minor Conflict,Internationalized Intrastate,-2,22
325,Pakistan,Pakistan,Government of Pakistan,BLA,2013,Asia,1,Minor Conflict,Intrastate,34,90
329,Ethiopia,Ethiopia,Government of Ethiopia,ONLF,2013,Africa,1,Minor Conflict,Intrastate,-2,22
332,Mozambique,Mozambique,Government of Mozambique,Renamo,2013,Africa,1,Minor Conflict,Intrastate,-2,22
333,Afghanistan,Afghanistan,Government of Afghanistan,"Hizb-i Islami-yi Afghanistan, Taleban",2013,Asia,2,War,Internationalized Intrastate,34,90
337,Somalia,Somalia,Government of Somalia,Al-Shabaab,2013,Africa,1,Minor Conflict,Internationalized Intrastate,-2,22
343,Tunisia,Tunisia,Government of Tunisia,AQIM,2013,Africa,1,Minor Conflict,Intrastate,-2,22
354,Turkey,Turkey,Government of Turkey,PKK,2013,Middle East,1,Minor Conflict,Intrastate,29,42
364,India,India,Government of India,Kashmir insurgents,2013,Asia,1,Minor Conflict,Intrastate,34,90
386,Algeria,Algeria,Government of Algeria,AQIM,2013,Africa,1,Minor Conflict,Intrastate,-2,22
404,Pakistan,Pakistan,Government of Pakistan,"Lashkar-e-Islam, TTP",2013,Asia,2,War,Intrastate,34,90
413,Ethiopia,Ethiopia,Government of Ethiopia,OLF,2013,Africa,1,Minor Conflict,Intrastate,-2,22
416,Central African Republic,Central African Republic,Government of Central African Republic,"anti-Balaka, Seleka",2013,Africa,1,Minor Conflict,Internationalized Intrastate,-2,22
418,United States of America,United States of America,Government of United States of America,al-Qaida,2013,Americas,1,Minor Conflict,Internationalized Intrastate,-14,-60
421,India,India,Government of India,NDFB-S,2013,Asia,1,Minor Conflict,Intrastate,34,90
423,Thailand,Thailand,Government of Thailand,Patani insurgents,2013,Asia,1,Minor Conflict,Intrastate,34,90
432,Russia,Russia (Soviet Union),Government of Russia (Soviet Union),Forces of the Caucasus Emirate,2013,Europe,1,Minor Conflict,Intrastate,54,25
11342,India,India,Government of India,GNLA,2014,Asia,1,Minor Conflict,Intrastate,34,90
11345,South Sudan,South Sudan,Government of South Sudan,SPLM/A - IO,2014,Africa,2,War,Internationalized Intrastate,-2,22
11346,Libya,Libya,Government of Libya,"Forces of the House of Representatives, Zintan Military Council",2014,Africa,1,Minor Conflict,Intrastate,-2,22
11347,Mali,Mali,Government of Mali,"al-Murabitun, AQIM",2014,Africa,1,Minor Conflict,Internationalized Intrastate,-2,22
13042,Syria,Syria,Government of Syria,PYD,2014,Middle East,1,Minor Conflict,Intrastate,29,42
13219,Ukraine,Ukraine,Government of Ukraine,Maidan,2014,Europe,1,Minor Conflict,Intrastate,54,25
13246,Ukraine,Ukraine,Government of Ukraine,DPR,2014,Europe,2,War,Internationalized Intrastate,54,25
13247,Ukraine,Ukraine,Government of Ukraine,LPR,2014,Europe,2,War,Internationalized Intrastate,54,25
13306,Ukraine,Ukraine,Government of Ukraine,United Armed Forces of Novorossiya,2014,Europe,2,War,Internationalized Intrastate,54,25
13604,Syria,Syria,Government of Syria,IS,2014,Middle East,2,War,Intrastate,29,42
13675,Lebanon,Lebanon,Government of Lebanon,IS,2014,Middle East,1,Minor Conflict,Intrastate,29,42
209,Philippines,Philippines,Government of Philippines,CPP,2014,Asia,1,Minor Conflict,Intrastate,34,90
218,India,"India, Pakistan",Government of India,Government of Pakistan,2014,Asia,1,Minor Conflict,Interstate,34,90
222,Myanmar,Myanmar (Burma),Government of Myanmar (Burma),PSLF,2014,Asia,1,Minor Conflict,Intrastate,34,90
227,India,India,Government of India,CPI-Maoist,2014,Asia,1,Minor Conflict,Intrastate,34,90
230,Yemen (North Yemen),Yemen (North Yemen),Government of Yemen (North Yemen),"Ansarallah, AQAP",2014,Middle East,2,War,Internationalized Intrastate,29,42
231,Myanmar,Myanmar (Burma),Government of Myanmar (Burma),KIO,2014,Asia,1,Minor Conflict,Intrastate,34,90
234,Israel,Israel,Government of Israel,"Hamas, PIJ",2014,Middle East,2,War,Intrastate,29,42
259,Iraq,Iraq,Government of Iraq,IS,2014,Middle East,2,War,Internationalized Intrastate,29,42
265,Democratic Republic of Congo,DR Congo (Zaire),Government of DR Congo (Zaire),Kata Katanga,2014,Africa,1,Minor Conflict,Internationalized Intrastate,-2,22
283,Democratic Republic of Congo,DR Congo (Zaire),Government of DR Congo (Zaire),"APCLS, CNPSC",2014,Africa,1,Minor Conflict,Internationalized Intrastate,-2,22
287,Burundi,Burundi,Government of Burundi,RED-TABARA,2014,Africa,1,Minor Conflict,Intrastate,-2,22
289,Colombia,Colombia,Government of Colombia,FARC,2014,Americas,1,Minor Conflict,Intrastate,-14,-60
297,Nigeria,Nigeria,Government of Nigeria,JAS,2014,Africa,2,War,Internationalized Intrastate,-2,22
299,Syria,Syria,Government of Syria,Syrian insurgents,2014,Middle East,2,War,Intrastate,29,42
308,Philippines,Philippines,Government of Philippines,"ASG, BIFM",2014,Asia,1,Minor Conflict,Intrastate,34,90
309,Sudan,Sudan,Government of Sudan,"Darfur Joint Resistance Forces, SARC, SRF",2014,Africa,1,Minor Conflict,Intrastate,-2,22
314,Uganda,Uganda,Government of Uganda,"ADF, LRA",2014,Africa,1,Minor Conflict,Internationalized Intrastate,-2,22
325,Pakistan,Pakistan,Government of Pakistan,"BLA, BRA",2014,Asia,1,Minor Conflict,Intrastate,34,90
329,Ethiopia,Ethiopia,Government of Ethiopia,ONLF,2014,Africa,1,Minor Conflict,Intrastate,-2,22
332,Mozambique,Mozambique,Government of Mozambique,Renamo,2014,Africa,1,Minor Conflict,Intrastate,-2,22
333,Afghanistan,Afghanistan,Government of Afghanistan,Taleban,2014,Asia,2,War,Internationalized Intrastate,34,90
337,Somalia,Somalia,Government of Somalia,Al-Shabaab,2014,Africa,2,War,Internationalized Intrastate,-2,22
343,Tunisia,Tunisia,Government of Tunisia,AQIM,2014,Africa,1,Minor Conflict,Intrastate,-2,22
364,India,India,Government of India,Kashmir insurgents,2014,Asia,1,Minor Conflict,Intrastate,34,90
372,Mali,Mali,Government of Mali,CMA,2014,Africa,1,Minor Conflict,Intrastate,-2,22
386,Algeria,Algeria,Government of Algeria,AQIM,2014,Africa,1,Minor Conflict,Intrastate,-2,22
388,Azerbaijan,Azerbaijan,Government of Azerbaijan,Republic of Artsakh,2014,Europe,1,Minor Conflict,Internationalized Intrastate,54,25
391,Egypt,Egypt,Government of Egypt,Ansar Bayt al-Maqdis,2014,Middle East,1,Minor Conflict,Intrastate,29,42
404,Pakistan,Pakistan,Government of Pakistan,"IMU, Jamaat-ul-Ahrar, Lashkar-e-Islam, TTP",2014,Asia,2,War,Intrastate,34,90
416,Central African Republic,Central African Republic,Government of Central African Republic,anti-Balaka,2014,Africa,1,Minor Conflict,Internationalized Intrastate,-2,22
418,United States of America,United States of America,Government of United States of America,al-Qaida,2014,Americas,1,Minor Conflict,Internationalized Intrastate,-14,-60
421,India,India,Government of India,NDFB-S,2014,Asia,1,Minor Conflict,Intrastate,34,90
423,Thailand,Thailand,Government of Thailand,Patani insurgents,2014,Asia,1,Minor Conflict,Intrastate,34,90
432,Russia,Russia (Soviet Union),Government of Russia (Soviet Union),Forces of the Caucasus Emirate,2014,Europe,1,Minor Conflict,Intrastate,54,25
439,Myanmar,Myanmar (Burma),Government of Myanmar (Burma),MNDAA,2014,Asia,1,Minor Conflict,Intrastate,34,90
11345,South Sudan,South Sudan,Government of South Sudan,SPLM/A - IO,2015,Africa,1,Minor Conflict,Internationalized Intrastate,-2,22
11346,Libya,Libya,Government of Libya,Forces of the House of Representatives,2015,Africa,1,Minor Conflict,Intrastate,-2,22
11347,Mali,Mali,Government of Mali,"Ansar Dine, AQIM",2015,Africa,1,Minor Conflict,Internationalized Intrastate,-2,22
13042,Syria,Syria,Government of Syria,PYD,2015,Middle East,1,Minor Conflict,Intrastate,29,42
13306,Ukraine,Ukraine,Government of Ukraine,"DPR, LPR, United Armed Forces of Novorossiya",2015,Europe,2,War,Internationalized Intrastate,54,25
13588,Russia,Russia (Soviet Union),Government of Russia (Soviet Union),IS,2015,Europe,1,Minor Conflict,Intrastate,54,25
13604,Syria,Syria,Government of Syria,IS,2015,Middle East,2,War,Internationalized Intrastate,29,42
13611,Mali,Mali,Government of Mali,FLM,2015,Africa,1,Minor Conflict,Intrastate,-2,22
13637,Afghanistan,Afghanistan,Government of Afghanistan,IS,2015,Asia,1,Minor Conflict,Internationalized Intrastate,34,90
13638,Cameroon,Cameroon,Government of Cameroon,IS,2015,Africa,1,Minor Conflict,Internationalized Intrastate,-2,22
13639,Niger,Niger,Government of Niger,IS,2015,Africa,1,Minor Conflict,Internationalized Intrastate,-2,22
13640,Chad,Chad,Government of Chad,IS,2015,Africa,1,Minor Conflict,Intrastate,-2,22
13641,Nigeria,Nigeria,Government of Nigeria,IS,2015,Africa,2,War,Internationalized Intrastate,-2,22
13645,Yemen (North Yemen),Yemen (North Yemen),Government of Yemen (North Yemen),IS,2015,Middle East,1,Minor Conflict,Intrastate,29,42
13646,Kenya,Kenya,Government of Kenya,Al-Shabaab,2015,Africa,1,Minor Conflict,Intrastate,-2,22
13648,Egypt,Egypt,Government of Egypt,IS,2015,Middle East,1,Minor Conflict,Intrastate,29,42
13653,India,India,Government of India,UNLFW,2015,Asia,1,Minor Conflict,Intrastate,34,90
13675,Lebanon,Lebanon,Government of Lebanon,IS,2015,Middle East,1,Minor Conflict,Intrastate,29,42
13694,Libya,Libya,Government of Libya,IS,2015,Africa,1,Minor Conflict,Intrastate,-2,22
13721,Algeria,Algeria,Government of Algeria,IS,2015,Africa,1,Minor Conflict,Intrastate,-2,22
13902,Turkey,Turkey,Government of Turkey,IS,2015,Middle East,1,Minor Conflict,Intrastate,29,42
15283,Central African Republic,Central African Republic,Government of Central African Republic,FPRC,2015,Africa,1,Minor Conflict,Internationalized Intrastate,-2,22
209,Philippines,Philippines,Government of Philippines,CPP,2015,Asia,1,Minor Conflict,Intrastate,34,90
218,India,"India, Pakistan",Government of India,Government of Pakistan,2015,Asia,1,Minor Conflict,Interstate,34,90
222,Myanmar,Myanmar (Burma),Government of Myanmar (Burma),PSLF,2015,Asia,1,Minor Conflict,Intrastate,34,90
227,India,India,Government of India,CPI-Maoist,2015,Asia,1,Minor Conflict,Intrastate,34,90
230,Yemen (North Yemen),Yemen (North Yemen),Government of Yemen (North Yemen),"Ansarallah, AQAP, Forces of the Presidential Leadership Council",2015,Middle East,2,War,Internationalized Intrastate,29,42
231,Myanmar,Myanmar (Burma),Government of Myanmar (Burma),KIO,2015,Asia,1,Minor Conflict,Intrastate,34,90
259,Iraq,Iraq,Government of Iraq,IS,2015,Middle East,2,War,Internationalized Intrastate,29,42
264,Myanmar,Myanmar (Burma),Government of Myanmar (Burma),SSPP,2015,Asia,1,Minor Conflict,Intrastate,34,90
287,Burundi,Burundi,Government of Burundi,"FPB, Military faction (forces of Godefroid Niyombare), RED-TABARA",2015,Africa,1,Minor Conflict,Intrastate,-2,22
289,Colombia,Colombia,Government of Colombia,"ELN, FARC",2015,Americas,1,Minor Conflict,Intrastate,-14,-60
297,Nigeria,Nigeria,Government of Nigeria,JAS,2015,Africa,2,War,Internationalized Intrastate,-2,22
299,Syria,Syria,Government of Syria,Syrian insurgents,2015,Middle East,2,War,Internationalized Intrastate,29,42
308,Philippines,Philippines,Government of Philippines,"ASG, BIFM, MILF",2015,Asia,1,Minor Conflict,Intrastate,34,90
309,Sudan,Sudan,Government of Sudan,"Darfur Joint Resistance Forces, SPLM/A-North, SRF",2015,Africa,2,War,Intrastate,-2,22
314,Uganda,Uganda,Government of Uganda,ADF,2015,Africa,1,Minor Conflict,Internationalized Intrastate,-2,22
325,Pakistan,Pakistan,Government of Pakistan,"BLA, BLF, BRA",2015,Asia,1,Minor Conflict,Intrastate,34,90
329,Ethiopia,Ethiopia,Government of Ethiopia,ONLF,2015,Africa,1,Minor Conflict,Intrastate,-2,22
333,Afghanistan,Afghanistan,Government of Afghanistan,Taleban,2015,Asia,2,War,Internationalized Intrastate,34,90
337,Somalia,Somalia,Government of Somalia,Al-Shabaab,2015,Africa,2,War,Internationalized Intrastate,-2,22
343,Tunisia,Tunisia,Government of Tunisia,"AQIM, JAK-T",2015,Africa,1,Minor Conflict,Intrastate,-2,22
353,Cameroon,Cameroon,Government of Cameroon,JAS,2015,Africa,1,Minor Conflict,Internationalized Intrastate,-2,22
354,Turkey,Turkey,Government of Turkey,PKK,2015,Middle East,1,Minor Conflict,Intrastate,29,42
364,India,India,Government of India,Kashmir insurgents,2015,Asia,1,Minor Conflict,Intrastate,34,90
372,Mali,Mali,Government of Mali,CMA,2015,Africa,1,Minor Conflict,Internationalized Intrastate,-2,22
386,Algeria,Algeria,Government of Algeria,AQIM,2015,Africa,1,Minor Conflict,Intrastate,-2,22
388,Azerbaijan,Azerbaijan,Government of Azerbaijan,Republic of Artsakh,2015,Europe,1,Minor Conflict,Internationalized Intrastate,54,25
404,Pakistan,Pakistan,Government of Pakistan,TTP,2015,Asia,2,War,Internationalized Intrastate,34,90
413,Ethiopia,Ethiopia,Government of Ethiopia,OLF,2015,Africa,1,Minor Conflict,Intrastate,-2,22
418,United States of America,United States of America,Government of United States of America,al-Qaida,2015,Americas,1,Minor Conflict,Internationalized Intrastate,-14,-60
423,Thailand,Thailand,Government of Thailand,Patani insurgents,2015,Asia,1,Minor Conflict,Intrastate,34,90
432,Russia,Russia (Soviet Union),Government of Russia (Soviet Union),Forces of the Caucasus Emirate,2015,Europe,1,Minor Conflict,Intrastate,54,25
439,Myanmar,Myanmar (Burma),Government of Myanmar (Burma),MNDAA,2015,Asia,1,Minor Conflict,Intrastate,34,90
11345,South Sudan,South Sudan,Government of South Sudan,SPLM/A - IO,2016,Africa,1,Minor Conflict,Intrastate,-2,22
11347,Mali,Mali,Government of Mali,"Ansar Dine, AQIM",2016,Africa,1,Minor Conflict,Internationalized Intrastate,-2,22
13306,Ukraine,Ukraine,Government of Ukraine,"DPR, LPR",2016,Europe,1,Minor Conflict,Internationalized Intrastate,54,25
13588,Russia,Russia (Soviet Union),Government of Russia (Soviet Union),IS,2016,Europe,1,Minor Conflict,Intrastate,54,25
13604,Syria,Syria,Government of Syria,IS,2016,Middle East,2,War,Internationalized Intrastate,29,42
13637,Afghanistan,Afghanistan,Government of Afghanistan,IS,2016,Asia,2,War,Internationalized Intrastate,34,90
13638,Cameroon,Cameroon,Government of Cameroon,IS,2016,Africa,1,Minor Conflict,Intrastate,-2,22
13639,Niger,Niger,Government of Niger,IS,2016,Africa,1,Minor Conflict,Internationalized Intrastate,-2,22
13641,Nigeria,Nigeria,Government of Nigeria,IS,2016,Africa,2,War,Internationalized Intrastate,-2,22
13646,Kenya,Kenya,Government of Kenya,Al-Shabaab,2016,Africa,1,Minor Conflict,Intrastate,-2,22
13648,Egypt,Egypt,Government of Egypt,IS,2016,Middle East,1,Minor Conflict,Intrastate,29,42
13653,India,India,Government of India,UNLFW,2016,Asia,1,Minor Conflict,Intrastate,34,90
13674,Bangladesh,Bangladesh,Government of Bangladesh,IS,2016,Asia,1,Minor Conflict,Intrastate,34,90
13694,Libya,Libya,Government of Libya,IS,2016,Africa,2,War,Internationalized Intrastate,-2,22
13809,Syria,Syria,Government of Syria,SDF,2016,Middle East,1,Minor Conflict,Intrastate,29,42
13886,Jordan,Jordan,Government of Jordan,IS,2016,Middle East,1,Minor Conflict,Intrastate,29,42
13902,Turkey,Turkey,Government of Turkey,IS,2016,Middle East,2,War,Intrastate,29,42
13936,Pakistan,Pakistan,Government of Pakistan,IS,2016,Asia,1,Minor Conflict,Intrastate,34,90
14275,Philippines,Philippines,Government of Philippines,IS,2016,Asia,1,Minor Conflict,Intrastate,34,90
14333,Tunisia,Tunisia,Government of Tunisia,IS,2016,Africa,1,Minor Conflict,Intrastate,-2,22
205,Iran,Iran,Government of Iran,KDPI,2016,Middle East,1,Minor Conflict,Intrastate,29,42
209,Philippines,Philippines,Government of Philippines,CPP,2016,Asia,1,Minor Conflict,Intrastate,34,90
218,India,"India, Pakistan",Government of India,Government of Pakistan,2016,Asia,1,Minor Conflict,Interstate,34,90
223,Myanmar,Myanmar (Burma),Government of Myanmar (Burma),ARSA,2016,Asia,1,Minor Conflict,Intrastate,34,90
227,India,India,Government of India,CPI-Maoist,2016,Asia,1,Minor Conflict,Intrastate,34,90
230,Yemen (North Yemen),Yemen (North Yemen),Government of Yemen (North Yemen),"AQAP, Forces of the Presidential Leadership Council",2016,Middle East,2,War,Internationalized Intrastate,29,42
231,Myanmar,Myanmar (Burma),Government of Myanmar (Burma),KIO,2016,Asia,1,Minor Conflict,Intrastate,34,90
259,Iraq,Iraq,Government of Iraq,IS,2016,Middle East,2,War,Internationalized Intrastate,29,42
283,Democratic Republic of Congo,DR Congo (Zaire),Government of DR Congo (Zaire),"Kamuina Nsapu, RNL",2016,Africa,1,Minor Conflict,Intrastate,-2,22
289,Colombia,Colombia,Government of Colombia,ELN,2016,Americas,1,Minor Conflict,Intrastate,-14,-60
297,Nigeria,Nigeria,Government of Nigeria,JAS,2016,Africa,1,Minor Conflict,Internationalized Intrastate,-2,22
299,Syria,Syria,Government of Syria,Syrian insurgents,2016,Middle East,2,War,Internationalized Intrastate,29,42
308,Philippines,Philippines,Government of Philippines,"al-Harakat al-Islamiyah, ASG, BIFM, Maute group",2016,Asia,1,Minor Conflict,Intrastate,34,90
309,Sudan,Sudan,Government of Sudan,"SPLM/A-North, SRF",2016,Africa,2,War,Intrastate,-2,22
314,Uganda,Uganda,Government of Uganda,ADF,2016,Africa,1,Minor Conflict,Internationalized Intrastate,-2,22
325,Pakistan,Pakistan,Government of Pakistan,"BLA, UBA",2016,Asia,1,Minor Conflict,Intrastate,34,90
329,Ethiopia,Ethiopia,Government of Ethiopia,ONLF,2016,Africa,1,Minor Conflict,Intrastate,-2,22
332,Mozambique,Mozambique,Government of Mozambique,Renamo,2016,Africa,1,Minor Conflict,Intrastate,-2,22
333,Afghanistan,Afghanistan,Government of Afghanistan,Taleban,2016,Asia,2,War,Internationalized Intrastate,34,90
337,Somalia,Somalia,Government of Somalia,Al-Shabaab,2016,Africa,2,War,Internationalized Intrastate,-2,22
353,Cameroon,Cameroon,Government of Cameroon,JAS,2016,Africa,1,Minor Conflict,Intrastate,-2,22
354,Turkey,Turkey,Government of Turkey,PKK,2016,Middle East,2,War,Intrastate,29,42
364,India,India,Government of India,Kashmir insurgents,2016,Asia,1,Minor Conflict,Intrastate,34,90
374,Rwanda,Rwanda,Government of Rwanda,FDLR-FOCA,2016,Africa,1,Minor Conflict,Internationalized Intrastate,-2,22
383,Turkey,Turkey,Government of Turkey,"TAK, Yurtta Sulh Konseyi",2016,Middle East,1,Minor Conflict,Intrastate,29,42
386,Algeria,Algeria,Government of Algeria,AQIM,2016,Africa,1,Minor Conflict,Intrastate,-2,22
387,Angola,Angola,Government of Angola,FLEC-FAC-TN,2016,Africa,1,Minor Conflict,Intrastate,-2,22
388,Azerbaijan,Azerbaijan,Government of Azerbaijan,Republic of Artsakh,2016,Europe,1,Minor Conflict,Internationalized Intrastate,54,25
404,Pakistan,Pakistan,Government of Pakistan,TTP,2016,Asia,1,Minor Conflict,Internationalized Intrastate,34,90
408,Congo,Congo,Government of Congo,Ntsiloulous,2016,Africa,1,Minor Conflict,Intrastate,-2,22
409,Eritrea,"Eritrea, Ethiopia",Government of Eritrea,Government of Ethiopia,2016,Africa,1,Minor Conflict,Interstate,-2,22
413,Ethiopia,Ethiopia,Government of Ethiopia,OLF,2016,Africa,1,Minor Conflict,Intrastate,-2,22
418,United States of America,United States of America,Government of United States of America,al-Qaida,2016,Americas,1,Minor Conflict,Internationalized Intrastate,-14,-60
423,Thailand,Thailand,Government of Thailand,Patani insurgents,2016,Asia,1,Minor Conflict,Intrastate,34,90
11345,South Sudan,South Sudan,Government of South Sudan,SPLM/A - IO,2017,Africa,1,Minor Conflict,Intrastate,-2,22
11346,Libya,Libya,Government of Libya,"Forces of Khalifa al-Ghawil, Forces of the House of Representatives, PFLL",2017,Africa,1,Minor Conflict,Intrastate,-2,22
11347,Mali,Mali,Government of Mali,"AQIM, JNIM",2017,Africa,1,Minor Conflict,Internationalized Intrastate,-2,22
13306,Ukraine,Ukraine,Government of Ukraine,"DPR, LPR",2017,Europe,1,Minor Conflict,Internationalized Intrastate,54,25
13588,Russia,Russia (Soviet Union),Government of Russia (Soviet Union),IS,2017,Europe,1,Minor Conflict,Intrastate,54,25
13604,Syria,Syria,Government of Syria,IS,2017,Middle East,2,War,Internationalized Intrastate,29,42
13637,Afghanistan,Afghanistan,Government of Afghanistan,IS,2017,Asia,2,War,Internationalized Intrastate,34,90
13639,Niger,Niger,Government of Niger,IS,2017,Africa,1,Minor Conflict,Internationalized Intrastate,-2,22
13640,Chad,Chad,Government of Chad,IS,2017,Africa,1,Minor Conflict,Intrastate,-2,22
13641,Nigeria,Nigeria,Government of Nigeria,IS,2017,Africa,1,Minor Conflict,Internationalized Intrastate,-2,22
13645,Yemen (North Yemen),Yemen (North Yemen),Government of Yemen (North Yemen),IS,2017,Middle East,1,Minor Conflict,Intrastate,29,42
13646,Kenya,Kenya,Government of Kenya,Al-Shabaab,2017,Africa,1,Minor Conflict,Intrastate,-2,22
13648,Egypt,Egypt,Government of Egypt,IS,2017,Middle East,1,Minor Conflict,Intrastate,29,42
13653,India,India,Government of India,UNLFW,2017,Asia,1,Minor Conflict,Intrastate,34,90
13674,Bangladesh,Bangladesh,Government of Bangladesh,IS,2017,Asia,1,Minor Conflict,Intrastate,34,90
13675,Lebanon,Lebanon,Government of Lebanon,IS,2017,Middle East,1,Minor Conflict,Intrastate,29,42
13694,Libya,Libya,Government of Libya,IS,2017,Africa,1,Minor Conflict,Internationalized Intrastate,-2,22
13902,Turkey,Turkey,Government of Turkey,IS,2017,Middle East,1,Minor Conflict,Intrastate,29,42
13936,Pakistan,Pakistan,Government of Pakistan,IS,2017,Asia,1,Minor Conflict,Intrastate,34,90
14113,Mali,Mali,Government of Mali,IS,2017,Africa,1,Minor Conflict,Internationalized Intrastate,-2,22
14129,Cameroon,Cameroon,Government of Cameroon,Ambazonia insurgents,2017,Africa,1,Minor Conflict,Intrastate,-2,22
14268,Iran,Iran,Government of Iran,IS,2017,Middle East,1,Minor Conflict,Intrastate,29,42
14275,Philippines,Philippines,Government of Philippines,IS,2017,Asia,2,War,Intrastate,34,90
14692,Democratic Republic of Congo,DR Congo (Zaire),Government of DR Congo (Zaire),IS,2017,Africa,1,Minor Conflict,Internationalized Intrastate,-2,22
209,Philippines,Philippines,Government of Philippines,CPP,2017,Asia,1,Minor Conflict,Intrastate,34,90
218,India,"India, Pakistan",Government of India,Government of Pakistan,2017,Asia,1,Minor Conflict,Interstate,34,90
222,Myanmar,Myanmar (Burma),Government of Myanmar (Burma),PSLF,2017,Asia,1,Minor Conflict,Intrastate,34,90
223,Myanmar,Myanmar (Burma),Government of Myanmar (Burma),ARSA,2017,Asia,1,Minor Conflict,Intrastate,34,90
227,India,India,Government of India,CPI-Maoist,2017,Asia,1,Minor Conflict,Intrastate,34,90
230,Yemen (North Yemen),Yemen (North Yemen),Government of Yemen (North Yemen),"AQAP, Forces of the Presidential Leadership Council, GPC",2017,Middle East,2,War,Internationalized Intrastate,29,42
231,Myanmar,Myanmar (Burma),Government of Myanmar (Burma),KIO,2017,Asia,1,Minor Conflict,Intrastate,34,90
259,Iraq,Iraq,Government of Iraq,IS,2017,Middle East,2,War,Internationalized Intrastate,29,42
283,Democratic Republic of Congo,DR Congo (Zaire),Government of DR Congo (Zaire),"CNPSC, Kamuina Nsapu, M23, MNR",2017,Africa,2,War,Internationalized Intrastate,-2,22
297,Nigeria,Nigeria,Government of Nigeria,JAS,2017,Africa,2,War,Internationalized Intrastate,-2,22
299,Syria,Syria,Government of Syria,Syrian insurgents,2017,Middle East,2,War,Internationalized Intrastate,29,42
308,Philippines,Philippines,Government of Philippines,ASG,2017,Asia,1,Minor Conflict,Internationalized Intrastate,34,90
309,Sudan,Sudan,Government of Sudan,"SARC, SLM/A, SRF",2017,Africa,1,Minor Conflict,Intrastate,-2,22
314,Uganda,Uganda,Government of Uganda,ADF,2017,Africa,1,Minor Conflict,Internationalized Intrastate,-2,22
333,Afghanistan,Afghanistan,Government of Afghanistan,Taleban,2017,Asia,2,War,Internationalized Intrastate,34,90
337,Somalia,Somalia,Government of Somalia,Al-Shabaab,2017,Africa,2,War,Internationalized Intrastate,-2,22
353,Cameroon,Cameroon,Government of Cameroon,JAS,2017,Africa,1,Minor Conflict,Intrastate,-2,22
354,Turkey,Turkey,Government of Turkey,PKK,2017,Middle East,1,Minor Conflict,Intrastate,29,42
364,India,India,Government of India,Kashmir insurgents,2017,Asia,1,Minor Conflict,Intrastate,34,90
386,Algeria,Algeria,Government of Algeria,AQIM,2017,Africa,1,Minor Conflict,Intrastate,-2,22
387,Angola,Angola,Government of Angola,FLEC-FAC-TN,2017,Africa,1,Minor Conflict,Intrastate,-2,22
388,Azerbaijan,Azerbaijan,Government of Azerbaijan,Republic of Artsakh,2017,Europe,1,Minor Conflict,Internationalized Intrastate,54,25
391,Egypt,Egypt,Government of Egypt,"Harakit Sawa'id Misr, Jama'at Ansar al-Islam",2017,Middle East,1,Minor Conflict,Intrastate,29,42
404,Pakistan,Pakistan,Government of Pakistan,TTP,2017,Asia,1,Minor Conflict,Internationalized Intrastate,34,90
416,Central African Republic,Central African Republic,Government of Central African Republic,anti-Balaka,2017,Africa,1,Minor Conflict,Internationalized Intrastate,-2,22
418,United States of America,United States of America,Government of United States of America,al-Qaida,2017,Americas,1,Minor Conflict,Internationalized Intrastate,-14,-60
423,Thailand,Thailand,Government of Thailand,Patani insurgents,2017,Asia,1,Minor Conflict,Intrastate,34,90
429,Democratic Republic of Congo,DR Congo (Zaire),Government of DR Congo (Zaire),BDK,2017,Africa,1,Minor Conflict,Internationalized Intrastate,-2,22
439,Myanmar,Myanmar (Burma),Government of Myanmar (Burma),MNDAA,2017,Asia,1,Minor Conflict,Intrastate,34,90
11345,South Sudan,South Sudan,Government of South Sudan,SPLM/A - IO,2018,Africa,1,Minor Conflict,Intrastate,-2,22
11347,Mali,Mali,Government of Mali,JNIM,2018,Africa,1,Minor Conflict,Internationalized Intrastate,-2,22
13306,Ukraine,Ukraine,Government of Ukraine,"DPR, LPR",2018,Europe,1,Minor Conflict,Internationalized Intrastate,54,25
13588,Russia,Russia (Soviet Union),Government of Russia (Soviet Union),IS,2018,Europe,1,Minor Conflict,Intrastate,54,25
13604,Syria,Syria,Government of Syria,IS,2018,Middle East,2,War,Internationalized Intrastate,29,42
13637,Afghanistan,Afghanistan,Government of Afghanistan,IS,2018,Asia,2,War,Internationalized Intrastate,34,90
13639,Niger,Niger,Government of Niger,IS,2018,Africa,1,Minor Conflict,Internationalized Intrastate,-2,22
13640,Chad,Chad,Government of Chad,IS,2018,Africa,1,Minor Conflict,Intrastate,-2,22
13641,Nigeria,Nigeria,Government of Nigeria,IS,2018,Africa,1,Minor Conflict,Internationalized Intrastate,-2,22
13646,Kenya,Kenya,Government of Kenya,Al-Shabaab,2018,Africa,1,Minor Conflict,Intrastate,-2,22
13648,Egypt,Egypt,Government of Egypt,IS,2018,Middle East,1,Minor Conflict,Intrastate,29,42
13653,India,India,Government of India,UNLFW,2018,Asia,1,Minor Conflict,Intrastate,34,90
13694,Libya,Libya,Government of Libya,IS,2018,Africa,1,Minor Conflict,Internationalized Intrastate,-2,22
13809,Syria,Syria,Government of Syria,SDF,2018,Middle East,1,Minor Conflict,Intrastate,29,42
13936,Pakistan,Pakistan,Government of Pakistan,IS,2018,Asia,1,Minor Conflict,Intrastate,34,90
14074,Somalia,Somalia,Government of Somalia,Republic of Somaliland,2018,Africa,1,Minor Conflict,Intrastate,-2,22
14113,Mali,Mali,Government of Mali,IS,2018,Africa,1,Minor Conflict,Internationalized Intrastate,-2,22
14129,Cameroon,Cameroon,Government of Cameroon,Ambazonia insurgents,2018,Africa,1,Minor Conflict,Intrastate,-2,22
14275,Philippines,Philippines,Government of Philippines,IS,2018,Asia,1,Minor Conflict,Intrastate,34,90
14609,Iran,"Iran, Israel",Government of Iran,Government of Israel,2018,Middle East,1,Minor Conflict,Interstate,29,42
14692,Democratic Republic of Congo,DR Congo (Zaire),Government of DR Congo (Zaire),IS,2018,Africa,1,Minor Conflict,Internationalized Intrastate,-2,22
16292,Tajikistan,Tajikistan,Government of Tajikistan,IS,2018,Asia,1,Minor Conflict,Intrastate,34,90
205,Iran,Iran,Government of Iran,KDPI,2018,Middle East,1,Minor Conflict,Intrastate,29,42
209,Philippines,Philippines,Government of Philippines,CPP,2018,Asia,1,Minor Conflict,Intrastate,34,90
218,India,"India, Pakistan",Government of India,Government of Pakistan,2018,Asia,1,Minor Conflict,Interstate,34,90
222,Myanmar,Myanmar (Burma),Government of Myanmar (Burma),PSLF,2018,Asia,1,Minor Conflict,Intrastate,34,90
223,Myanmar,Myanmar (Burma),Government of Myanmar (Burma),ULA,2018,Asia,1,Minor Conflict,Intrastate,34,90
227,India,India,Government of India,CPI-Maoist,2018,Asia,1,Minor Conflict,Intrastate,34,90
230,Yemen (North Yemen),Yemen (North Yemen),Government of Yemen (North Yemen),"AQAP, Forces of the Presidential Leadership Council",2018,Middle East,2,War,Internationalized Intrastate,29,42
231,Myanmar,Myanmar (Burma),Government of Myanmar (Burma),KIO,2018,Asia,1,Minor Conflict,Intrastate,34,90
234,Israel,Israel,Government of Israel,Hamas,2018,Middle East,1,Minor Conflict,Intrastate,29,42
259,Iraq,Iraq,Government of Iraq,IS,2018,Middle East,1,Minor Conflict,Internationalized Intrastate,29,42
283,Democratic Republic of Congo,DR Congo (Zaire),Government of DR Congo (Zaire),"CMC, CNPSC, Kamuina Nsapu, UPLC",2018,Africa,1,Minor Conflict,Internationalized Intrastate,-2,22
288,Chad,Chad,Government of Chad,CCMSR,2018,Africa,1,Minor Conflict,Intrastate,-2,22
289,Colombia,Colombia,Government of Colombia,"ELN, FARC-EMC",2018,Americas,1,Minor Conflict,Intrastate,-14,-60
291,Indonesia,Indonesia,Government of Indonesia,OPM,2018,Asia,1,Minor Conflict,Intrastate,34,90
297,Nigeria,Nigeria,Government of Nigeria,JAS,2018,Africa,1,Minor Conflict,Internationalized Intrastate,-2,22
299,Syria,Syria,Government of Syria,Syrian insurgents,2018,Middle East,2,War,Internationalized Intrastate,29,42
308,Philippines,Philippines,Government of Philippines,"ASG, BIFM-K",2018,Asia,1,Minor Conflict,Intrastate,34,90
309,Sudan,Sudan,Government of Sudan,SLM/A,2018,Africa,1,Minor Conflict,Intrastate,-2,22
332,Mozambique,Mozambique,Government of Mozambique,ASWJ,2018,Africa,1,Minor Conflict,Intrastate,-2,22
333,Afghanistan,Afghanistan,Government of Afghanistan,Taleban,2018,Asia,2,War,Internationalized Intrastate,34,90
337,Somalia,Somalia,Government of Somalia,Al-Shabaab,2018,Africa,2,War,Internationalized Intrastate,-2,22
338,Iran,Iran,Government of Iran,PJAK,2018,Middle East,1,Minor Conflict,Intrastate,29,42
354,Turkey,Turkey,Government of Turkey,PKK,2018,Middle East,1,Minor Conflict,Intrastate,29,42
360,Burkina Faso,Burkina Faso,Government of Burkina Faso,JNIM,2018,Africa,1,Minor Conflict,Internationalized Intrastate,-2,22
364,India,India,Government of India,Kashmir insurgents,2018,Asia,1,Minor Conflict,Intrastate,34,90
386,Algeria,Algeria,Government of Algeria,AQIM,2018,Africa,1,Minor Conflict,Intrastate,-2,22
391,Egypt,Egypt,Government of Egypt,Harakit Sawa'id Misr,2018,Middle East,1,Minor Conflict,Intrastate,29,42
404,Pakistan,Pakistan,Government of Pakistan,TTP,2018,Asia,1,Minor Conflict,Internationalized Intrastate,34,90
416,Central African Republic,Central African Republic,Government of Central African Republic,"anti-Balaka, UPC",2018,Africa,1,Minor Conflict,Internationalized Intrastate,-2,22
423,Thailand,Thailand,Government of Thailand,Patani insurgents,2018,Asia,1,Minor Conflict,Intrastate,34,90
11345,South Sudan,South Sudan,Government of South Sudan,NAS,2019,Africa,1,Minor Conflict,Intrastate,-2,22
11346,Libya,Libya,Government of Libya,Forces of the House of Representatives,2019,Africa,2,War,Internationalized Intrastate,-2,22
11347,Mali,Mali,Government of Mali,JNIM,2019,Africa,1,Minor Conflict,Internationalized Intrastate,-2,22
13306,Ukraine,Ukraine,Government of Ukraine,"DPR, LPR",2019,Europe,1,Minor Conflict,Internationalized Intrastate,54,25
13588,Russia,Russia (Soviet Union),Government of Russia (Soviet Union),IS,2019,Europe,1,Minor Conflict,Intrastate,54,25
13604,Syria,Syria,Government of Syria,IS,2019,Middle East,1,Minor Conflict,Internationalized Intrastate,29,42
13637,Afghanistan,Afghanistan,Government of Afghanistan,IS,2019,Asia,2,War,Internationalized Intrastate,34,90
13638,Cameroon,Cameroon,Government of Cameroon,IS,2019,Africa,1,Minor Conflict,Internationalized Intrastate,-2,22
13639,Niger,Niger,Government of Niger,IS,2019,Africa,1,Minor Conflict,Internationalized Intrastate,-2,22
13640,Chad,Chad,Government of Chad,IS,2019,Africa,1,Minor Conflict,Intrastate,-2,22
13641,Nigeria,Nigeria,Government of Nigeria,IS,2019,Africa,2,War,Internationalized Intrastate,-2,22
13646,Kenya,Kenya,Government of Kenya,Al-Shabaab,2019,Africa,1,Minor Conflict,Internationalized Intrastate,-2,22
13648,Egypt,Egypt,Government of Egypt,IS,2019,Middle East,1,Minor Conflict,Intrastate,29,42
13694,Libya,Libya,Government of Libya,IS,2019,Africa,1,Minor Conflict,Internationalized Intrastate,-2,22
13840,Burkina Faso,Burkina Faso,Government of Burkina Faso,IS,2019,Africa,1,Minor Conflict,Internationalized Intrastate,-2,22
13936,Pakistan,Pakistan,Government of Pakistan,IS,2019,Asia,1,Minor Conflict,Intrastate,34,90
14113,Mali,Mali,Government of Mali,IS,2019,Africa,1,Minor Conflict,Internationalized Intrastate,-2,22
14129,Cameroon,Cameroon,Government of Cameroon,Ambazonia insurgents,2019,Africa,1,Minor Conflict,Intrastate,-2,22
14197,Somalia,Somalia,Government of Somalia,IS,2019,Africa,1,Minor Conflict,Internationalized Intrastate,-2,22
14275,Philippines,Philippines,Government of Philippines,IS,2019,Asia,1,Minor Conflict,Intrastate,34,90
14609,Iran,"Iran, Israel",Government of Iran,Government of Israel,2019,Middle East,1,Minor Conflict,Interstate,29,42
14692,Democratic Republic of Congo,DR Congo (Zaire),Government of DR Congo (Zaire),IS,2019,Africa,1,Minor Conflict,Internationalized Intrastate,-2,22
14845,Mozambique,Mozambique,Government of Mozambique,IS,2019,Africa,1,Minor Conflict,Intrastate,-2,22
14935,Ethiopia,Ethiopia,Government of Ethiopia,Military faction (forces of Asaminew Tsige),2019,Africa,1,Minor Conflict,Intrastate,-2,22
16292,Tajikistan,Tajikistan,Government of Tajikistan,IS,2019,Asia,1,Minor Conflict,Intrastate,34,90
209,Philippines,Philippines,Government of Philippines,CPP,2019,Asia,1,Minor Conflict,Intrastate,34,90
218,India,"India, Pakistan",Government of India,Government of Pakistan,2019,Asia,1,Minor Conflict,Interstate,34,90
222,Myanmar,Myanmar (Burma),Government of Myanmar (Burma),PSLF,2019,Asia,1,Minor Conflict,Intrastate,34,90
223,Myanmar,Myanmar (Burma),Government of Myanmar (Burma),ULA,2019,Asia,1,Minor Conflict,Intrastate,34,90
227,India,India,Government of India,CPI-Maoist,2019,Asia,1,Minor Conflict,Intrastate,34,90
230,Yemen (North Yemen),Yemen (North Yemen),Government of Yemen (North Yemen),Forces of the Presidential Leadership Council,2019,Middle East,2,War,Internationalized Intrastate,29,42
231,Myanmar,Myanmar (Burma),Government of Myanmar (Burma),KIO,2019,Asia,1,Minor Conflict,Intrastate,34,90
234,Israel,Israel,Government of Israel,PIJ,2019,Middle East,1,Minor Conflict,Intrastate,29,42
259,Iraq,Iraq,Government of Iraq,IS,2019,Middle East,1,Minor Conflict,Internationalized Intrastate,29,42
283,Democratic Republic of Congo,DR Congo (Zaire),Government of DR Congo (Zaire),"CMC, CNPSC, UPLC",2019,Africa,1,Minor Conflict,Internationalized Intrastate,-2,22
287,Burundi,Burundi,Government of Burundi,RED-TABARA,2019,Africa,1,Minor Conflict,Internationalized Intrastate,-2,22
289,Colombia,Colombia,Government of Colombia,"ELN, FARC-EMC",2019,Americas,1,Minor Conflict,Intrastate,-14,-60
291,Indonesia,Indonesia,Government of Indonesia,OPM,2019,Asia,1,Minor Conflict,Intrastate,34,90
297,Nigeria,Nigeria,Government of Nigeria,JAS,2019,Africa,1,Minor Conflict,Internationalized Intrastate,-2,22
299,Syria,Syria,Government of Syria,Syrian insurgents,2019,Middle East,2,War,Internationalized Intrastate,29,42
308,Philippines,Philippines,Government of Philippines,ASG,2019,Asia,1,Minor Conflict,Intrastate,34,90
325,Pakistan,Pakistan,Government of Pakistan,BRAS,2019,Asia,1,Minor Conflict,Intrastate,34,90
332,Mozambique,Mozambique,Government of Mozambique,ASWJ,2019,Africa,1,Minor Conflict,Intrastate,-2,22
333,Afghanistan,Afghanistan,Government of Afghanistan,Taleban,2019,Asia,2,War,Internationalized Intrastate,34,90
337,Somalia,Somalia,Government of Somalia,Al-Shabaab,2019,Africa,2,War,Internationalized Intrastate,-2,22
338,Iran,Iran,Government of Iran,Jaish al-Adl,2019,Middle East,1,Minor Conflict,Intrastate,29,42
354,Turkey,Turkey,Government of Turkey,PKK,2019,Middle East,1,Minor Conflict,Intrastate,29,42
360,Burkina Faso,Burkina Faso,Government of Burkina Faso,JNIM,2019,Africa,1,Minor Conflict,Internationalized Intrastate,-2,22
364,India,India,Government of India,Kashmir insurgents,2019,Asia,1,Minor Conflict,Intrastate,34,90
374,Rwanda,Rwanda,Government of Rwanda,"FDLR-FOCA, FDLR-RUD, RMDC",2019,Africa,1,Minor Conflict,Internationalized Intrastate,-2,22
387,Angola,Angola,Government of Angola,FLEC-FAC-TN,2019,Africa,1,Minor Conflict,Intrastate,-2,22
391,Egypt,Egypt,Government of Egypt,Harakit Sawa'id Misr,2019,Middle East,1,Minor Conflict,Intrastate,29,42
404,Pakistan,Pakistan,Government of Pakistan,TTP,2019,Asia,1,Minor Conflict,Intrastate,34,90
413,Ethiopia,Ethiopia,Government of Ethiopia,OLA,2019,Africa,1,Minor Conflict,Intrastate,-2,22
416,Central African Republic,Central African Republic,Government of Central African Republic,UPC,2019,Africa,1,Minor Conflict,Internationalized Intrastate,-2,22
418,United States of America,United States of America,Government of United States of America,al-Qaida,2019,Americas,1,Minor Conflict,Internationalized Intrastate,-14,-60
423,Thailand,Thailand,Government of Thailand,Patani insurgents,2019,Asia,1,Minor Conflict,Intrastate,34,90
11345,South Sudan,South Sudan,Government of South Sudan,NAS,2020,Africa,1,Minor Conflict,Intrastate,-2,22
11346,Libya,Libya,Government of Libya,Forces of the House of Representatives,2020,Africa,1,Minor Conflict,Internationalized Intrastate,-2,22
11347,Mali,Mali,Government of Mali,JNIM,2020,Africa,1,Minor Conflict,Internationalized Intrastate,-2,22
13306,Ukraine,Ukraine,Government of Ukraine,"DPR, LPR",2020,Europe,1,Minor Conflict,Internationalized Intrastate,54,25
13588,Russia,Russia (Soviet Union),Government of Russia (Soviet Union),IS,2020,Europe,1,Minor Conflict,Intrastate,54,25
13604,Syria,Syria,Government of Syria,IS,2020,Middle East,2,War,Internationalized Intrastate,29,42
13637,Afghanistan,Afghanistan,Government of Afghanistan,IS,2020,Asia,1,Minor Conflict,Internationalized Intrastate,34,90
13639,Niger,Niger,Government of Niger,IS,2020,Africa,1,Minor Conflict,Internationalized Intrastate,-2,22
13640,Chad,Chad,Government of Chad,IS,2020,Africa,1,Minor Conflict,Intrastate,-2,22
13641,Nigeria,Nigeria,Government of Nigeria,IS,2020,Africa,2,War,Internationalized Intrastate,-2,22
13645,Yemen (North Yemen),Yemen (North Yemen),Government of Yemen (North Yemen),IS,2020,Middle East,1,Minor Conflict,Intrastate,29,42
13646,Kenya,Kenya,Government of Kenya,Al-Shabaab,2020,Africa,1,Minor Conflict,Internationalized Intrastate,-2,22
13648,Egypt,Egypt,Government of Egypt,IS,2020,Middle East,1,Minor Conflict,Intrastate,29,42
13840,Burkina Faso,Burkina Faso,Government of Burkina Faso,IS,2020,Africa,1,Minor Conflict,Internationalized Intrastate,-2,22
14113,Mali,Mali,Government of Mali,IS,2020,Africa,1,Minor Conflict,Internationalized Intrastate,-2,22
14129,Cameroon,Cameroon,Government of Cameroon,Ambazonia insurgents,2020,Africa,1,Minor Conflict,Intrastate,-2,22
14197,Somalia,Somalia,Government of Somalia,IS,2020,Africa,1,Minor Conflict,Internationalized Intrastate,-2,22
14275,Philippines,Philippines,Government of Philippines,IS,2020,Asia,1,Minor Conflict,Intrastate,34,90
14609,Iran,"Iran, Israel",Government of Iran,Government of Israel,2020,Middle East,1,Minor Conflict,Interstate,29,42
14692,Democratic Republic of Congo,DR Congo (Zaire),Government of DR Congo (Zaire),IS,2020,Africa,1,Minor Conflict,Internationalized Intrastate,-2,22
14845,Mozambique,Mozambique,Government of Mozambique,IS,2020,Africa,1,Minor Conflict,Intrastate,-2,22
15183,Tanzania,Tanzania,Government of Tanzania,IS,2020,Africa,1,Minor Conflict,Intrastate,-2,22
209,Philippines,Philippines,Government of Philippines,CPP,2020,Asia,1,Minor Conflict,Intrastate,34,90
218,India,"India, Pakistan",Government of India,Government of Pakistan,2020,Asia,1,Minor Conflict,Interstate,34,90
223,Myanmar,Myanmar (Burma),Government of Myanmar (Burma),ULA,2020,Asia,1,Minor Conflict,Intrastate,34,90
227,India,India,Government of India,CPI-Maoist,2020,Asia,1,Minor Conflict,Intrastate,34,90
230,Yemen (North Yemen),Yemen (North Yemen),Government of Yemen (North Yemen),Forces of the Presidential Leadership Council,2020,Middle East,2,War,Internationalized Intrastate,29,42
259,Iraq,Iraq,Government of Iraq,IS,2020,Middle East,1,Minor Conflict,Internationalized Intrastate,29,42
265,Democratic Republic of Congo,DR Congo (Zaire),Government of DR Congo (Zaire),Kata Katanga,2020,Africa,1,Minor Conflict,Internationalized Intrastate,-2,22
267,Ethiopia,Ethiopia,Government of Ethiopia,TPLF,2020,Africa,2,War,Internationalized Intrastate,-2,22
274,China,"China, India",Government of China,Government of India,2020,Asia,1,Minor Conflict,Interstate,34,90
283,Democratic Republic of Congo,DR Congo (Zaire),Government of DR Congo (Zaire),"APCLS, CMC, CNPSC",2020,Africa,1,Minor Conflict,Internationalized Intrastate,-2,22
287,Burundi,Burundi,Government of Burundi,"FNL-Ubugabo-Burihabwa, RED-TABARA",2020,Africa,1,Minor Conflict,Internationalized Intrastate,-2,22
288,Chad,Chad,Government of Chad,CCMSR,2020,Africa,1,Minor Conflict,Intrastate,-2,22
289,Colombia,Colombia,Government of Colombia,FARC-EMC,2020,Americas,1,Minor Conflict,Intrastate,-14,-60
291,Indonesia,Indonesia,Government of Indonesia,OPM,2020,Asia,1,Minor Conflict,Intrastate,34,90
297,Nigeria,Nigeria,Government of Nigeria,JAS,2020,Africa,1,Minor Conflict,Internationalized Intrastate,-2,22
299,Syria,Syria,Government of Syria,Syrian insurgents,2020,Middle East,2,War,Internationalized Intrastate,29,42
308,Philippines,Philippines,Government of Philippines,ASG,2020,Asia,1,Minor Conflict,Intrastate,34,90
309,Sudan,Sudan,Government of Sudan,SLM/A,2020,Africa,1,Minor Conflict,Intrastate,-2,22
325,Pakistan,Pakistan,Government of Pakistan,BRAS,2020,Asia,1,Minor Conflict,Intrastate,34,90
333,Afghanistan,Afghanistan,Government of Afghanistan,"High Council of Afghanistan Islamic Emirate, Taleban",2020,Asia,2,War,Internationalized Intrastate,34,90
337,Somalia,Somalia,Government of Somalia,Al-Shabaab,2020,Africa,2,War,Internationalized Intrastate,-2,22
338,Iran,Iran,Government of Iran,PJAK,2020,Middle East,1,Minor Conflict,Intrastate,29,42
353,Cameroon,Cameroon,Government of Cameroon,JAS,2020,Africa,1,Minor Conflict,Intrastate,-2,22
354,Turkey,Turkey,Government of Turkey,PKK,2020,Middle East,1,Minor Conflict,Intrastate,29,42
360,Burkina Faso,Burkina Faso,Government of Burkina Faso,JNIM,2020,Africa,1,Minor Conflict,Internationalized Intrastate,-2,22
364,India,India,Government of India,Kashmir insurgents,2020,Asia,1,Minor Conflict,Intrastate,34,90
374,Rwanda,Rwanda,Government of Rwanda,"FDLR-FOCA, FDLR-RUD, RMDC",2020,Africa,1,Minor Conflict,Internationalized Intrastate,-2,22
386,Algeria,Algeria,Government of Algeria,AQIM,2020,Africa,1,Minor Conflict,Intrastate,-2,22
387,Angola,Angola,Government of Angola,FLEC-FAC-TN,2020,Africa,1,Minor Conflict,Intrastate,-2,22
388,Azerbaijan,Azerbaijan,Government of Azerbaijan,Republic of Artsakh,2020,Europe,2,War,Internationalized Intrastate,54,25
404,Pakistan,Pakistan,Government of Pakistan,TTP,2020,Asia,1,Minor Conflict,Intrastate,34,90
413,Ethiopia,Ethiopia,Government of Ethiopia,OLA,2020,Africa,1,Minor Conflict,Intrastate,-2,22
416,Central African Republic,Central African Republic,Government of Central African Republic,"CPC, UPC",2020,Africa,1,Minor Conflict,Internationalized Intrastate,-2,22
423,Thailand,Thailand,Government of Thailand,Patani insurgents,2020,Asia,1,Minor Conflict,Intrastate,34,90
429,Democratic Republic of Congo,DR Congo (Zaire),Government of DR Congo (Zaire),BDK,2020,Africa,1,Minor Conflict,Internationalized Intrastate,-2,22
11345,South Sudan,South Sudan,Government of South Sudan,"NAS, SPLM/A - IO - Kitgwang",2021,Africa,1,Minor Conflict,Intrastate,-2,22
11347,Mali,Mali,Government of Mali,JNIM,2021,Africa,1,Minor Conflict,Internationalized Intrastate,-2,22
13306,Ukraine,Ukraine,Government of Ukraine,"DPR, LPR",2021,Europe,1,Minor Conflict,Internationalized Intrastate,54,25
13324,Kyrgyzstan,"Kyrgyzstan, Tajikistan",Government of Kyrgyzstan,Government of Tajikistan,2021,Asia,1,Minor Conflict,Interstate,34,90
13604,Syria,Syria,Government of Syria,IS,2021,Middle East,1,Minor Conflict,Internationalized Intrastate,29,42
13637,Afghanistan,Afghanistan,Government of Afghanistan,IS,2021,Asia,1,Minor Conflict,Internationalized Intrastate,34,90
13638,Cameroon,Cameroon,Government of Cameroon,IS,2021,Africa,1,Minor Conflict,Internationalized Intrastate,-2,22
13639,Niger,Niger,Government of Niger,IS,2021,Africa,1,Minor Conflict,Internationalized Intrastate,-2,22
13640,Chad,Chad,Government of Chad,IS,2021,Africa,1,Minor Conflict,Intrastate,-2,22
13641,Nigeria,Nigeria,Government of Nigeria,IS,2021,Africa,2,War,Internationalized Intrastate,-2,22
13646,Kenya,Kenya,Government of Kenya,Al-Shabaab,2021,Africa,1,Minor Conflict,Internationalized Intrastate,-2,22
13648,Egypt,Egypt,Government of Egypt,IS,2021,Middle East,1,Minor Conflict,Intrastate,29,42
13840,Burkina Faso,Burkina Faso,Government of Burkina Faso,IS,2021,Africa,1,Minor Conflict,Internationalized Intrastate,-2,22
13936,Pakistan,Pakistan,Government of Pakistan,IS,2021,Asia,1,Minor Conflict,Intrastate,34,90
14113,Mali,Mali,Government of Mali,IS,2021,Africa,1,Minor Conflict,Internationalized Intrastate,-2,22
14129,Cameroon,Cameroon,Government of Cameroon,Ambazonia insurgents,2021,Africa,1,Minor Conflict,Intrastate,-2,22
14197,Somalia,Somalia,Government of Somalia,IS,2021,Africa,1,Minor Conflict,Internationalized Intrastate,-2,22
14275,Philippines,Philippines,Government of Philippines,IS,2021,Asia,1,Minor Conflict,Intrastate,34,90
14609,Iran,"Iran, Israel",Government of Iran,Government of Israel,2021,Middle East,1,Minor Conflict,Interstate,29,42
14692,Democratic Republic of Congo,DR Congo (Zaire),Government of DR Congo (Zaire),IS,2021,Africa,1,Minor Conflict,Internationalized Intrastate,-2,22
14845,Mozambique,Mozambique,Government of Mozambique,IS,2021,Africa,1,Minor Conflict,Internationalized Intrastate,-2,22
209,Philippines,Philippines,Government of Philippines,CPP,2021,Asia,1,Minor Conflict,Intrastate,34,90
221,Myanmar,Myanmar (Burma),Government of Myanmar (Burma),KNU,2021,Asia,1,Minor Conflict,Intrastate,34,90
222,Myanmar,Myanmar (Burma),Government of Myanmar (Burma),NUG,2021,Asia,1,Minor Conflict,Intrastate,34,90
227,India,India,Government of India,CPI-Maoist,2021,Asia,1,Minor Conflict,Intrastate,34,90
230,Yemen (North Yemen),Yemen (North Yemen),Government of Yemen (North Yemen),Forces of the Presidential Leadership Council,2021,Middle East,2,War,Internationalized Intrastate,29,42
231,Myanmar,Myanmar (Burma),Government of Myanmar (Burma),KIO,2021,Asia,1,Minor Conflict,Intrastate,34,90
234,Israel,Israel,Government of Israel,"Hamas, PIJ",2021,Middle East,1,Minor Conflict,Intrastate,29,42
253,Myanmar,Myanmar (Burma),Government of Myanmar (Burma),KNPP,2021,Asia,1,Minor Conflict,Intrastate,34,90
259,Iraq,Iraq,Government of Iraq,IS,2021,Middle East,1,Minor Conflict,Internationalized Intrastate,29,42
267,Ethiopia,Ethiopia,Government of Ethiopia,TPLF,2021,Africa,2,War,Internationalized Intrastate,-2,22
283,Democratic Republic of Congo,DR Congo (Zaire),Government of DR Congo (Zaire),"APCLS, CMC, CNPSC, M23, RNL",2021,Africa,1,Minor Conflict,Internationalized Intrastate,-2,22
287,Burundi,Burundi,Government of Burundi,RED-TABARA,2021,Africa,1,Minor Conflict,Internationalized Intrastate,-2,22
288,Chad,Chad,Government of Chad,FACT,2021,Africa,1,Minor Conflict,Intrastate,-2,22
289,Colombia,Colombia,Government of Colombia,"ELN, FARC-EMC",2021,Americas,1,Minor Conflict,Intrastate,-14,-60
291,Indonesia,Indonesia,Government of Indonesia,OPM,2021,Asia,1,Minor Conflict,Intrastate,34,90
297,Nigeria,Nigeria,Government of Nigeria,JAS,2021,Africa,1,Minor Conflict,Internationalized Intrastate,-2,22
299,Syria,Syria,Government of Syria,Syrian insurgents,2021,Middle East,1,Minor Conflict,Internationalized Intrastate,29,42
303,Nigeria,Nigeria,Government of Nigeria,IPOB,2021,Africa,1,Minor Conflict,Intrastate,-2,22
309,Sudan,Sudan,Government of Sudan,SLM/A,2021,Africa,1,Minor Conflict,Intrastate,-2,22
325,Pakistan,Pakistan,Government of Pakistan,BRAS,2021,Asia,1,Minor Conflict,Intrastate,34,90
333,Afghanistan,Afghanistan,Government of Afghanistan,"NRF, Taleban",2021,Asia,2,War,Internationalized Intrastate,34,90
337,Somalia,Somalia,Government of Somalia,Al-Shabaab,2021,Africa,2,War,Internationalized Intrastate,-2,22
338,Iran,Iran,Government of Iran,PJAK,2021,Middle East,1,Minor Conflict,Intrastate,29,42
354,Turkey,Turkey,Government of Turkey,PKK,2021,Middle East,1,Minor Conflict,Intrastate,29,42
360,Burkina Faso,Burkina Faso,Government of Burkina Faso,JNIM,2021,Africa,1,Minor Conflict,Internationalized Intrastate,-2,22
364,India,India,Government of India,Kashmir insurgents,2021,Asia,1,Minor Conflict,Intrastate,34,90
388,Azerbaijan,Azerbaijan,Government of Azerbaijan,Republic of Artsakh,2021,Europe,1,Minor Conflict,Internationalized Intrastate,54,25
404,Pakistan,Pakistan,Government of Pakistan,TTP,2021,Asia,1,Minor Conflict,Intrastate,34,90
413,Ethiopia,Ethiopia,Government of Ethiopia,OLA,2021,Africa,1,Minor Conflict,Intrastate,-2,22
416,Central African Republic,Central African Republic,Government of Central African Republic,"CPC, UPC",2021,Africa,1,Minor Conflict,Internationalized Intrastate,-2,22
423,Thailand,Thailand,Government of Thailand,Patani insurgents,2021,Asia,1,Minor Conflict,Intrastate,34,90
430,Niger,Niger,Government of Niger,JNIM,2021,Africa,1,Minor Conflict,Internationalized Intrastate,-2,22
439,Myanmar,Myanmar (Burma),Government of Myanmar (Burma),MNDAA,2021,Asia,1,Minor Conflict,Intrastate,34,90
11347,Mali,Mali,Government of Mali,JNIM,2022,Africa,2,War,Internationalized Intrastate,-2,22
13243,Russia,"Russia (Soviet Union), Ukraine",Government of Russia (Soviet Union),Government of Ukraine,2022,Europe,2,War,Interstate,54,25
13306,Ukraine,Ukraine,Government of Ukraine,DPR,2022,Europe,1,Minor Conflict,Internationalized Intrastate,54,25
13324,Kyrgyzstan,"Kyrgyzstan, Tajikistan",Government of Kyrgyzstan,Government of Tajikistan,2022,Asia,1,Minor Conflict,Interstate,34,90
13604,Syria,Syria,Government of Syria,IS,2022,Middle East,1,Minor Conflict,Internationalized Intrastate,29,42
13637,Afghanistan,Afghanistan,Government of Afghanistan,IS,2022,Asia,1,Minor Conflict,Intrastate,34,90
13639,Niger,Niger,Government of Niger,IS,2022,Africa,1,Minor Conflict,Internationalized Intrastate,-2,22
13640,Chad,Chad,Government of Chad,IS,2022,Africa,1,Minor Conflict,Intrastate,-2,22
13641,Nigeria,Nigeria,Government of Nigeria,IS,2022,Africa,2,War,Internationalized Intrastate,-2,22
13646,Kenya,Kenya,Government of Kenya,Al-Shabaab,2022,Africa,1,Minor Conflict,Intrastate,-2,22
13648,Egypt,Egypt,Government of Egypt,IS,2022,Middle East,1,Minor Conflict,Intrastate,29,42
13840,Burkina Faso,Burkina Faso,Government of Burkina Faso,IS,2022,Africa,1,Minor Conflict,Internationalized Intrastate,-2,22
13936,Pakistan,Pakistan,Government of Pakistan,IS,2022,Asia,1,Minor Conflict,Intrastate,34,90
14113,Mali,Mali,Government of Mali,IS,2022,Africa,1,Minor Conflict,Internationalized Intrastate,-2,22
14129,Cameroon,Cameroon,Government of Cameroon,Ambazonia insurgents,2022,Africa,1,Minor Conflict,Intrastate,-2,22
14275,Philippines,Philippines,Government of Philippines,IS,2022,Asia,1,Minor Conflict,Intrastate,34,90
14609,Iran,"Iran, Israel",Government of Iran,Government of Israel,2022,Middle East,1,Minor Conflict,Interstate,29,42
14692,Democratic Republic of Congo,DR Congo (Zaire),Government of DR Congo (Zaire),IS,2022,Africa,1,Minor Conflict,Internationalized Intrastate,-2,22
14845,Mozambique,Mozambique,Government of Mozambique,IS,2022,Africa,1,Minor Conflict,Internationalized Intrastate,-2,22
15256,Benin,Benin,Government of Benin,JNIM,2022,Africa,1,Minor Conflict,Intrastate,-2,22
15438,Uganda,Uganda,Government of Uganda,IS,2022,Africa,1,Minor Conflict,Intrastate,-2,22
209,Philippines,Philippines,Government of Philippines,CPP,2022,Asia,1,Minor Conflict,Intrastate,34,90
221,Myanmar,Myanmar (Burma),Government of Myanmar (Burma),KNU,2022,Asia,1,Minor Conflict,Intrastate,34,90
222,Myanmar,Myanmar (Burma),Government of Myanmar (Burma),"NUG, PSLF",2022,Asia,2,War,Intrastate,34,90
223,Myanmar,Myanmar (Burma),Government of Myanmar (Burma),ULA,2022,Asia,1,Minor Conflict,Intrastate,34,90
227,India,India,Government of India,CPI-Maoist,2022,Asia,1,Minor Conflict,Intrastate,34,90
230,Yemen (North Yemen),Yemen (North Yemen),Government of Yemen (North Yemen),Forces of the Presidential Leadership Council,2022,Middle East,2,War,Internationalized Intrastate,29,42
231,Myanmar,Myanmar (Burma),Government of Myanmar (Burma),KIO,2022,Asia,1,Minor Conflict,Intrastate,34,90
234,Israel,Israel,Government of Israel,"Fatah, PIJ",2022,Middle East,1,Minor Conflict,Intrastate,29,42
253,Myanmar,Myanmar (Burma),Government of Myanmar (Burma),KNPP,2022,Asia,1,Minor Conflict,Intrastate,34,90
259,Iraq,Iraq,Government of Iraq,IS,2022,Middle East,1,Minor Conflict,Internationalized Intrastate,29,42
267,Ethiopia,Ethiopia,Government of Ethiopia,"GLF, TPLF",2022,Africa,2,War,Internationalized Intrastate,-2,22
283,Democratic Republic of Congo,DR Congo (Zaire),Government of DR Congo (Zaire),"CNPSC, FABB, M23, Mayi Mayi Kyandenga, RNL",2022,Africa,1,Minor Conflict,Internationalized Intrastate,-2,22
287,Burundi,Burundi,Government of Burundi,"FNL-Ubugabo-Burihabwa, RED-TABARA",2022,Africa,1,Minor Conflict,Internationalized Intrastate,-2,22
289,Colombia,Colombia,Government of Colombia,"ELN, FARC-EMC",2022,Americas,1,Minor Conflict,Intrastate,-14,-60
291,Indonesia,Indonesia,Government of Indonesia,OPM,2022,Asia,1,Minor Conflict,Intrastate,34,90
297,Nigeria,Nigeria,Government of Nigeria,JAS,2022,Africa,1,Minor Conflict,Internationalized Intrastate,-2,22
299,Syria,Syria,Government of Syria,Syrian insurgents,2022,Middle East,1,Minor Conflict,Internationalized Intrastate,29,42
303,Nigeria,Nigeria,Government of Nigeria,IPOB,2022,Africa,1,Minor Conflict,Intrastate,-2,22
309,Sudan,Sudan,Government of Sudan,SLM/A,2022,Africa,1,Minor Conflict,Intrastate,-2,22
325,Pakistan,Pakistan,Government of Pakistan,BRAS,2022,Asia,1,Minor Conflict,Intrastate,34,90
333,Afghanistan,Afghanistan,Government of Afghanistan,"AFF, NRF",2022,Asia,1,Minor Conflict,Intrastate,34,90
337,Somalia,Somalia,Government of Somalia,Al-Shabaab,2022,Africa,2,War,Internationalized Intrastate,-2,22
353,Cameroon,Cameroon,Government of Cameroon,JAS,2022,Africa,1,Minor Conflict,Intrastate,-2,22
354,Turkey,Turkey,Government of Turkey,PKK,2022,Middle East,1,Minor Conflict,Intrastate,29,42
358,Togo,Togo,Government of Togo,JNIM,2022,Africa,1,Minor Conflict,Intrastate,-2,22
360,Burkina Faso,Burkina Faso,Government of Burkina Faso,JNIM,2022,Africa,2,War,Internationalized Intrastate,-2,22
364,India,India,Government of India,Kashmir insurgents,2022,Asia,1,Minor Conflict,Intrastate,34,90
374,Rwanda,Rwanda,Government of Rwanda,FDLR-FOCA,2022,Africa,1,Minor Conflict,Intrastate,-2,22
387,Angola,Angola,Government of Angola,FLEC-FAC-TN,2022,Africa,1,Minor Conflict,Intrastate,-2,22
388,Azerbaijan,Azerbaijan,Government of Azerbaijan,Republic of Artsakh,2022,Europe,1,Minor Conflict,Internationalized Intrastate,54,25
404,Pakistan,Pakistan,Government of Pakistan,TTP,2022,Asia,1,Minor Conflict,Intrastate,34,90
413,Ethiopia,Ethiopia,Government of Ethiopia,OLA,2022,Africa,1,Minor Conflict,Internationalized Intrastate,-2,22
416,Central African Republic,Central African Republic,Government of Central African Republic,CPC,2022,Africa,1,Minor Conflict,Internationalized Intrastate,-2,22
423,Thailand,Thailand,Government of Thailand,Patani insurgents,2022,Asia,1,Minor Conflict,Intrastate,34,90
430,Niger,Niger,Government of Niger,JNIM,2022,Africa,1,Minor Conflict,Internationalized Intrastate,-2,22
11347,Mali,Mali,Government of Mali,JNIM,2023,Africa,1,Minor Conflict,Internationalized Intrastate,-2,22
13243,Russia,"Russia (Soviet Union), Ukraine",Government of Russia (Soviet Union),Government of Ukraine,2023,Europe,2,War,Interstate,54,25
13604,Syria,Syria,Government of Syria,IS,2023,Middle East,1,Minor Conflict,Internationalized Intrastate,29,42
13637,Afghanistan,Afghanistan,Government of Afghanistan,IS,2023,Asia,1,Minor Conflict,Intrastate,34,90
13638,Cameroon,Cameroon,Government of Cameroon,IS,2023,Africa,1,Minor Conflict,Intrastate,-2,22
13639,Niger,Niger,Government of Niger,IS,2023,Africa,1,Minor Conflict,Internationalized Intrastate,-2,22
13641,Nigeria,Nigeria,Government of Nigeria,IS,2023,Africa,2,War,Internationalized Intrastate,-2,22
13646,Kenya,Kenya,Government of Kenya,Al-Shabaab,2023,Africa,1,Minor Conflict,Intrastate,-2,22
13809,Syria,Syria,Government of Syria,SDF,2023,Middle East,1,Minor Conflict,Intrastate,29,42
13840,Burkina Faso,Burkina Faso,Government of Burkina Faso,IS,2023,Africa,1,Minor Conflict,Intrastate,-2,22
13936,Pakistan,Pakistan,Government of Pakistan,IS,2023,Asia,1,Minor Conflict,Intrastate,34,90
14113,Mali,Mali,Government of Mali,IS,2023,Africa,1,Minor Conflict,Internationalized Intrastate,-2,22
14129,Cameroon,Cameroon,Government of Cameroon,Ambazonia insurgents,2023,Africa,1,Minor Conflict,Intrastate,-2,22
14275,Philippines,Philippines,Government of Philippines,IS,2023,Asia,1,Minor Conflict,Intrastate,34,90
14609,Iran,"Iran, Israel",Government of Iran,Government of Israel,2023,Middle East,1,Minor Conflict,Interstate,29,42
14692,Democratic Republic of Congo,DR Congo (Zaire),Government of DR Congo (Zaire),IS,2023,Africa,1,Minor Conflict,Internationalized Intrastate,-2,22
14845,Mozambique,Mozambique,Government of Mozambique,IS,2023,Africa,1,Minor Conflict,Internationalized Intrastate,-2,22
15256,Benin,Benin,Government of Benin,JNIM,2023,Africa,1,Minor Conflict,Intrastate,-2,22
15283,Central African Republic,Central African Republic,Government of Central African Republic,MPC,2023,Africa,1,Minor Conflict,Internationalized Intrastate,-2,22
16038,Mali,Mali,Government of Mali,FLA,2023,Africa,1,Minor Conflict,Intrastate,-2,22
16069,Ethiopia,Ethiopia,Government of Ethiopia,Fano,2023,Africa,2,War,Intrastate,-2,22
209,Philippines,Philippines,Government of Philippines,CPP,2023,Asia,1,Minor Conflict,Intrastate,34,90
221,Myanmar,Myanmar (Burma),Government of Myanmar (Burma),KNU,2023,Asia,1,Minor Conflict,Intrastate,34,90
222,Myanmar,Myanmar (Burma),Government of Myanmar (Burma),"CNF, NUG, PSLF",2023,Asia,2,War,Intrastate,34,90
223,Myanmar,Myanmar (Burma),Government of Myanmar (Burma),ULA,2023,Asia,1,Minor Conflict,Intrastate,34,90
227,India,India,Government of India,CPI-Maoist,2023,Asia,1,Minor Conflict,Intrastate,34,90
230,Yemen (North Yemen),Yemen (North Yemen),Government of Yemen (North Yemen),Forces of the Presidential Leadership Council,2023,Middle East,1,Minor Conflict,Internationalized Intrastate,29,42
231,Myanmar,Myanmar (Burma),Government of Myanmar (Burma),KIO,2023,Asia,1,Minor Conflict,Intrastate,34,90
234,Israel,Israel,Government of Israel,"Fatah, Hamas, PIJ",2023,Middle East,2,War,Internationalized Intrastate,29,42
253,Myanmar,Myanmar (Burma),Government of Myanmar (Burma),KNPP,2023,Asia,1,Minor Conflict,Intrastate,34,90
259,Iraq,Iraq,Government of Iraq,IS,2023,Middle East,1,Minor Conflict,Internationalized Intrastate,29,42
283,Democratic Republic of Congo,DR Congo (Zaire),Government of DR Congo (Zaire),M23,2023,Africa,1,Minor Conflict,Internationalized Intrastate,-2,22
287,Burundi,Burundi,Government of Burundi,RED-TABARA,2023,Africa,1,Minor Conflict,Internationalized Intrastate,-2,22
288,Chad,Chad,Government of Chad,CCMSR,2023,Africa,1,Minor Conflict,Intrastate,-2,22
289,Colombia,Colombia,Government of Colombia,"ELN, FARC-EMC",2023,Americas,1,Minor Conflict,Intrastate,-14,-60
291,Indonesia,Indonesia,Government of Indonesia,OPM,2023,Asia,1,Minor Conflict,Intrastate,34,90
297,Nigeria,Nigeria,Government of Nigeria,JAS,2023,Africa,1,Minor Conflict,Internationalized Intrastate,-2,22
299,Syria,Syria,Government of Syria,Syrian insurgents,2023,Middle East,2,War,Internationalized Intrastate,29,42
303,Nigeria,Nigeria,Government of Nigeria,IPOB,2023,Africa,1,Minor Conflict,Internationalized Intrastate,-2,22
309,Sudan,Sudan,Government of Sudan,"RSF, SPLM/A-North",2023,Africa,2,War,Intrastate,-2,22
325,Pakistan,Pakistan,Government of Pakistan,BRAS,2023,Asia,1,Minor Conflict,Intrastate,34,90
333,Afghanistan,Afghanistan,Government of Afghanistan,"AFF, NRF",2023,Asia,1,Minor Conflict,Intrastate,34,90
337,Somalia,Somalia,Government of Somalia,Al-Shabaab,2023,Africa,2,War,Internationalized Intrastate,-2,22
338,Iran,Iran,Government of Iran,Jaish al-Adl,2023,Middle East,1,Minor Conflict,Intrastate,29,42
353,Cameroon,Cameroon,Government of Cameroon,JAS,2023,Africa,1,Minor Conflict,Intrastate,-2,22
354,Turkey,Turkey,Government of Turkey,PKK,2023,Middle East,1,Minor Conflict,Intrastate,29,42
358,Togo,Togo,Government of Togo,JNIM,2023,Africa,1,Minor Conflict,Intrastate,-2,22
360,Burkina Faso,Burkina Faso,Government of Burkina Faso,JNIM,2023,Africa,2,War,Internationalized Intrastate,-2,22
364,India,India,Government of India,Kashmir insurgents,2023,Asia,1,Minor Conflict,Intrastate,34,90
374,Rwanda,Rwanda,Government of Rwanda,FDLR-FOCA,2023,Africa,1,Minor Conflict,Intrastate,-2,22
388,Azerbaijan,Azerbaijan,Government of Azerbaijan,Republic of Artsakh,2023,Europe,1,Minor Conflict,Internationalized Intrastate,54,25
399,Russia,Russia (Soviet Union),Government of Russia (Soviet Union),"LSR, RDK, Wagner",2023,Europe,1,Minor Conflict,Intrastate,54,25
404,Pakistan,Pakistan,Government of Pakistan,"HGB, TJP, TTP",2023,Asia,1,Minor Conflict,Intrastate,34,90
413,Ethiopia,Ethiopia,Government of Ethiopia,OLA,2023,Africa,1,Minor Conflict,Intrastate,-2,22
416,Central African Republic,Central African Republic,Government of Central African Republic,CPC,2023,Africa,1,Minor Conflict,Internationalized Intrastate,-2,22
423,Thailand,Thailand,Government of Thailand,Patani insurgents,2023,Asia,1,Minor Conflict,Intrastate,34,90
426,Israel,Israel,Government of Israel,Hezbollah,2023,Middle East,1,Minor Conflict,Intrastate,29,42
430,Niger,Niger,Government of Niger,JNIM,2023,Africa,1,Minor Conflict,Internationalized Intrastate,-2,22
439,Myanmar,Myanmar (Burma),Government of Myanmar (Burma),MNDAA,2023,Asia,1,Minor Conflict,Intrastate,34,90
11347,Mali,Mali,Government of Mali,JNIM,2024,Africa,1,Minor Conflict,Internationalized Intrastate,-2,22
11639,Afghanistan,"Afghanistan, Pakistan",Government of Afghanistan,Government of Pakistan,2024,Asia,1,Minor Conflict,Interstate,34,90
13243,Russia,"Russia (Soviet Union), Ukraine",Government of Russia (Soviet Union),Government of Ukraine,2024,Europe,2,War,Interstate,54,25
13588,Russia,Russia (Soviet Union),Government of Russia (Soviet Union),IS,2024,Europe,1,Minor Conflict,Intrastate,54,25
13604,Syria,Syria,Government of Syria,IS,2024,Middle East,1,Minor Conflict,Internationalized Intrastate,29,42
13637,Afghanistan,Afghanistan,Government of Afghanistan,IS,2024,Asia,1,Minor Conflict,Intrastate,34,90
13639,Niger,Niger,Government of Niger,IS,2024,Africa,1,Minor Conflict,Intrastate,-2,22
13641,Nigeria,Nigeria,Government of Nigeria,IS,2024,Africa,2,War,Internationalized Intrastate,-2,22
13646,Kenya,Kenya,Government of Kenya,Al-Shabaab,2024,Africa,1,Minor Conflict,Intrastate,-2,22
13809,Syria,Syria,Government of Syria,SDF,2024,Middle East,1,Minor Conflict,Intrastate,29,42
13840,Burkina Faso,Burkina Faso,Government of Burkina Faso,IS,2024,Africa,1,Minor Conflict,Intrastate,-2,22
14113,Mali,Mali,Government of Mali,IS,2024,Africa,1,Minor Conflict,Internationalized Intrastate,-2,22
14129,Cameroon,Cameroon,Government of Cameroon,Ambazonia insurgents,2024,Africa,1,Minor Conflict,Intrastate,-2,22
14197,Somalia,Somalia,Government of Somalia,IS,2024,Africa,1,Minor Conflict,Internationalized Intrastate,-2,22
14275,Philippines,Philippines,Government of Philippines,IS,2024,Asia,1,Minor Conflict,Intrastate,34,90
14609,Iran,"Iran, Israel",Government of Iran,Government of Israel,2024,Middle East,1,Minor Conflict,Interstate,29,42
14692,Democratic Republic of Congo,DR Congo (Zaire),Government of DR Congo (Zaire),IS,2024,Africa,1,Minor Conflict,Internationalized Intrastate,-2,22
14845,Mozambique,Mozambique,Government of Mozambique,IS,2024,Africa,1,Minor Conflict,Internationalized Intrastate,-2,22
15256,Benin,Benin,Government of Benin,JNIM,2024,Africa,1,Minor Conflict,Intrastate,-2,22
16038,Mali,Mali,Government of Mali,FLA,2024,Africa,1,Minor Conflict,Internationalized Intrastate,-2,22
16069,Ethiopia,Ethiopia,Government of Ethiopia,Fano,2024,Africa,2,War,Intrastate,-2,22
16379,Somalia,Somalia,Government of Somalia,Jubaland State of Somalia,2024,Africa,1,Minor Conflict,Intrastate,-2,22
209,Philippines,Philippines,Government of Philippines,CPP,2024,Asia,1,Minor Conflict,Intrastate,34,90
221,Myanmar,Myanmar (Burma),Government of Myanmar (Burma),KNU,2024,Asia,1,Minor Conflict,Intrastate,34,90
222,Myanmar,Myanmar (Burma),Government of Myanmar (Burma),"NUG, PNLO, PSLF",2024,Asia,2,War,Intrastate,34,90
223,Myanmar,Myanmar (Burma),Government of Myanmar (Burma),ULA,2024,Asia,1,Minor Conflict,Intrastate,34,90
227,India,India,Government of India,CPI-Maoist,2024,Asia,1,Minor Conflict,Intrastate,34,90
230,Yemen (North Yemen),Yemen (North Yemen),Government of Yemen (North Yemen),Forces of the Presidential Leadership Council,2024,Middle East,1,Minor Conflict,Internationalized Intrastate,29,42
231,Myanmar,Myanmar (Burma),Government of Myanmar (Burma),KIO,2024,Asia,1,Minor Conflict,Intrastate,34,90
234,Israel,Israel,Government of Israel,"Fatah, Hamas, PIJ",2024,Middle East,2,War,Internationalized Intrastate,29,42
253,Myanmar,Myanmar (Burma),Government of Myanmar (Burma),KNPP,2024,Asia,1,Minor Conflict,Intrastate,34,90
259,Iraq,Iraq,Government of Iraq,IS,2024,Middle East,1,Minor Conflict,Internationalized Intrastate,29,42
283,Democratic Republic of Congo,DR Congo (Zaire),Government of DR Congo (Zaire),AFC,2024,Africa,1,Minor Conflict,Internationalized Intrastate,-2,22
287,Burundi,Burundi,Government of Burundi,RED-TABARA,2024,Africa,1,Minor Conflict,Internationalized Intrastate,-2,22
289,Colombia,Colombia,Government of Colombia,"ELN, FARC - Segunda Marquetalia , FARC-EMC",2024,Americas,1,Minor Conflict,Intrastate,-14,-60
291,Indonesia,Indonesia,Government of Indonesia,OPM,2024,Asia,1,Minor Conflict,Intrastate,34,90
297,Nigeria,Nigeria,Government of Nigeria,JAS,2024,Africa,1,Minor Conflict,Internationalized Intrastate,-2,22
299,Syria,Syria,Government of Syria,Syrian insurgents,2024,Middle East,2,War,Internationalized Intrastate,29,42
303,Nigeria,Nigeria,Government of Nigeria,IPOB,2024,Africa,1,Minor Conflict,Intrastate,-2,22
309,Sudan,Sudan,Government of Sudan,RSF,2024,Africa,2,War,Intrastate,-2,22
325,Pakistan,Pakistan,Government of Pakistan,BRAS,2024,Asia,1,Minor Conflict,Intrastate,34,90
333,Afghanistan,Afghanistan,Government of Afghanistan,NRF,2024,Asia,1,Minor Conflict,Intrastate,34,90
337,Somalia,Somalia,Government of Somalia,Al-Shabaab,2024,Africa,2,War,Internationalized Intrastate,-2,22
338,Iran,Iran,Government of Iran,Jaish al-Adl,2024,Middle East,1,Minor Conflict,Intrastate,29,42
353,Cameroon,Cameroon,Government of Cameroon,JAS,2024,Africa,1,Minor Conflict,Intrastate,-2,22
354,Turkey,Turkey,Government of Turkey,PKK,2024,Middle East,1,Minor Conflict,Intrastate,29,42
358,Togo,Togo,Government of Togo,JNIM,2024,Africa,1,Minor Conflict,Intrastate,-2,22
360,Burkina Faso,Burkina Faso,Government of Burkina Faso,JNIM,2024,Africa,2,War,Internationalized Intrastate,-2,22
364,India,India,Government of India,Kashmir insurgents,2024,Asia,1,Minor Conflict,Intrastate,34,90
374,Rwanda,Rwanda,Government of Rwanda,FDLR-FOCA,2024,Africa,1,Minor Conflict,Intrastate,-2,22
381,Haiti,Haiti,Government of Haiti,Viv Ansanm,2024,Americas,1,Minor Conflict,Internationalized Intrastate,-14,-60
387,Angola,Angola,Government of Angola,FLEC-FAC-TN,2024,Africa,1,Minor Conflict,Intrastate,-2,22
399,Russia,Russia (Soviet Union),Government of Russia (Soviet Union),LSR,2024,Europe,1,Minor Conflict,Intrastate,54,25
404,Pakistan,Pakistan,Government of Pakistan,"HGB, TTP",2024,Asia,2,War,Intrastate,34,90
413,Ethiopia,Ethiopia,Government of Ethiopia,OLA,2024,Africa,1,Minor Conflict,Intrastate,-2,22
416,Central African Republic,Central African Republic,Government of Central African Republic,CPC,2024,Africa,1,Minor Conflict,Internationalized Intrastate,-2,22
423,Thailand,Thailand,Government of Thailand,Patani insurgents,2024,Asia,1,Minor Conflict,Intrastate,34,90
426,Israel,Israel,Government of Israel,Hezbollah,2024,Middle East,2,War,Intrastate,29,42
430,Niger,Niger,Government of Niger,JNIM,2024,Africa,1,Minor Conflict,Intrastate,-2,22
439,Myanmar,Myanmar (Burma),Government of Myanmar (Burma),MNDAA,2024,Asia,1,Minor Conflict,Intrastate,34,90
